{
    "1": {
        "divisionName": "Southeast",
        "conferenceId": "1",
        "divisionId": "1"
    },
    "2": {
        "divisionName": "Atlantic",
        "conferenceId": "1",
        "divisionId": "2"
    },
    "3": {
        "divisionName": "Central",
        "conferenceId": "1",
        "divisionId": "3"
    },
    "4": {
        "divisionName": "Southwest",
        "conferenceId": "2",
        "divisionId": "4"
    },
    "5": {
        "divisionName": "Northwest",
        "conferenceId": "2",
        "divisionId": "5"
    },
    "6": {
        "divisionName": "Pacific",
        "conferenceId": "2",
        "divisionId": "6"
    }
}