playerId,firstName,lastName,teamId
14,Ike,Anigbogu,12
679,Sean,Green,12
700,Dale,Davis,12
756,Malik,Sealy,12
833,Antonio,Davis,12
839,Scott,Haskin,12
25,Ron,Baker,20
655,Greg,Anthony,20
683,Carlton,McKinney,20
704,Patrick,Eddie,20
757,Hubert,Davis,20
775,Eric,Anderson,20
47,Jabari,Bird,2
494,Michael,Smith,2
669,John,Bagley,2
670,Rick,Fox,2
781,Marcus,Webb,2
807,Acie,Earl,2
808,Dino,Radja,2
838,Matt,Wenstrom,2
67,MarShon,Brooks,15
90,Omri,Casspi,15
430,DJ,Stephens,15
71,Lorenzo,Brown,28
392,Malachi,Richardson,28
1,Alex,Abrines,21
119,Tyler,Davis,21
686,Marty,Conlon,21
687,Rich,King,21
842,Ervin,Johnson,21
858,Chris,King,21
869,Alphonso,Ford,21
149,Keenan,Evans,9
281,Zach,Lofton,9
498,John,Salley,9
513,Joe,Dumars,9
533,Bill,Laimbeer,9
534,William,Bedford,9
552,Dennis,Rodman,9
567,Isiah,Thomas,9
581,James,Edwards,9
595,Lance,Blanks,9
610,Vinnie,Johnson,9
626,Scott,Hastings,9
667,Charles,Thomas,9
688,Brad,Sellers,9
707,Bob,McCann,9
773,Isaiah,Morris,9
791,Melvin,Newbern,9
834,Allan,Houston,9
835,Lindsey,Hunter,9
862,Ben,Coleman,9
179,Marcin,Gortat,13
437,Milos,Teodosic,13
647,Elliot,Perry,13
690,Lanard,Copeland,13
691,LeRon,Ellis,13
705,David,Rivers,13
743,Elmore,Spencer,13
769,Randy,Woods,13
790,Duane,Washington,13
813,Terry,Dehere,13
844,Bob,Martin,13
860,Harold,Ellis,13
866,Bo,Outlaw,13
1593,Andrew,Bogut,10
507,Steve,Johnson,10
526,Tom,Tolbert,10
544,Sarunas,Marciulionis,10
562,Rod,Higgins,10
576,Tim,Hardaway,10
590,Alton,Lister,10
604,Mitch,Richmond,10
620,Tyrone,Hill,10
637,Kevin,Pritchard,10
662,Chris,Gatling,10
663,Victor,Alexander,10
684,Billy,Owens,10
716,Jaren,Jackson,10
748,Byron,Houston,10
749,Keith,Jennings,10
750,Latrell,Sprewell,10
794,Barry,Stevens,10
796,Pat,Durham,10
802,Josh,Grant,10
847,Chris,Webber,10
853,Dell,Demps,10
241,Amir,Johnson,23
665,Mitchell,Wiggins,23
666,Tharon,Mayes,23
694,Charles,Shackleford,23
712,Jeff,Ruland,23
737,Clar.,Weatherspoon,23
797,Thomas,Jordan,23
817,Michael,Curry,23
818,Shawn,Bradley,23
819,Warren,Kidd,23
841,Greg,Graham,23
867,Bill,Edwards,23
256,George,King,24
501,Kevin,Johnson,24
516,Dan,Majerle,24
517,Tom,Chambers,24
538,Mark,West,24
555,Cedric,Ceballos,24
556,Tim,Perry,24
570,Kenny,Battle,24
584,Ian,Lockhart,24
598,Jeff,Hornacek,24
613,Ed,Nealy,24
631,Kurt,Rambis,24
719,Steve,Burtt,24
761,Oliver,Miller,24
767,Alex,Stivrins,24
768,Frank,Johnson,24
776,Tim,Kempton,24
785,Richard,Dumas,24
861,Malcolm,Mackey,24
263,Kosta,Koufos,26
388,Zach,Randolph,26
645,Pete,Chilcutt,26
646,Randy,Brown,26
674,Carl,Thomas,26
732,Walt,Williams,26
777,Stan,Kimbrough,26
803,Bobby,Hurley,26
804,Mike,Peplowski,26
854,Evers,Burns,26
348,James,Nunnally,18
504,Randy,Breuer,18
521,Doug,West,18
522,Tony,Campbell,18
541,Richard,Coffey,18
559,Scott,Brooks,18
573,Pooh,Richardson,18
587,Gerald,Glass,18
601,Tod,Murphy,18
616,Felton,Spencer,18
617,Tyrone,Corbin,18
634,Sam,Mitchell,18
657,Tellis,Frank,18
699,Myron,Brown,18
706,Luc,Longley,18
739,Chris,Smith,18
740,Christian,Laettner,18
741,Gundars,Vetra,18
783,Marlon,Maxey,18
836,Brian,Davis,18
837,Isaiah,Rider,18
856,Stanley,Jackson,18
870,Andres,Guibert,18
382,Billy,Preston,6
495,John,Morton,6
510,Larry,Nance,6
529,Mark,Price,6
548,Winston,Bennett,6
648,Jimmy,Oliver,6
649,Terrell,Brandon,6
724,Bobby,Phills,6
778,Jay,Guidinger,6
809,Chris,Mills,6
840,Gerald,Madkins,6
846,Sedric,Toney,6
384,Zhou,Qi,11
503,Kenny,Smith,11
519,Adrian,Caldwell,11
520,Vernon,Maxwell,11
540,Hakeem,Olajuwon,11
558,Dave,Jamerson,11
572,Larry,Smith,11
586,Otis,Thorpe,11
600,Dave,Feitl,11
615,Sleepy,Floyd,11
633,David,Wood,11
641,Matt,Bullard,11
693,John,Turner,11
698,Carl,Herrera,11
738,Robert,Horry,11
829,Eric,Riley,11
830,Sam,Cassell,11
849,Richard,Petruska,11
448,Gary,Trent Jr.,25
502,Danny,Ainge,25
518,Alaa,Abdelnaby,25
539,Clifford,Robinson,25
557,Buck,Williams,25
571,Danny,Young,25
585,Kevin,Duckworth,25
599,Jerome,Kersey,25
614,Wayne,Cooper,25
632,Clyde,Drexler,25
668,Robert,Pack,25
714,Lamont,Strothers,25
717,Ennis,Whatley,25
763,Dave,Johnson,25
764,Reggie,Smith,25
765,Tracy,Murray,25
814,James,Robinson,25
850,Kevin,Thompson,25
496,Howard,Wright,1
511,Duane,Ferrell,1
530,Dominique,Wilkins,1
549,Doc,Rivers,1
550,Tim,McCormick,1
565,John,Battle,1
579,Kevin,Willis,1
593,Moses,Malone,1
608,Rumeal,Robinson,1
624,Sidney,Moncrief,1
672,Alexander,Volkov,1
673,Stacey,Augmon,1
689,Rodney,Monroe,1
696,Paul,Graham,1
736,Adam,Keefe,1
787,Andre,Spencer,1
845,Ricky,Grace,1
859,Doug,Edwards,1
497,Michael,Ansley,22
512,Nick,Anderson,22
531,Dennis,Scott,22
532,Terry,Catledge,22
551,Scott,Skiles,22
566,Sam,Vincent,22
580,Otis,Smith,22
594,Mark,Acres,22
609,Greg,Kite,22
625,Jeff,Turner,22
676,Stanley,Roberts,22
702,Bison,Dele,22
709,Anthony,Bowie,22
710,Chris,Corchiani,22
711,Stephen,Thompson,22
735,Shaquille,O'Neal,22
770,Litterial,Green,22
799,Anfernee,Hardaway,22
800,Keith,Tower,22
499,Dan,Schayes,17
514,Jay,Humphries,17
535,Ricky,Pierce,17
553,Greg,Anderson,17
568,Brad,Lohaus,17
582,Frank,Brickowski,17
596,Jeff,Grayer,17
611,Jack,Sikma,17
627,Alvin,Robertson,17
628,Steve,Henson,17
644,Larry,Krystkowiak,17
725,Anthony,Avent,17
726,Lee,Mayberry,17
727,Todd,Day,17
755,Anthony,Pullard,17
784,Jon,Barry,17
810,Vin,Baker,17
500,Mark,Eaton,29
515,Darrell,Griffith,29
536,Blue,Edwards,29
537,Walter,Palmer,29
554,Jeff,Malone,29
569,Mike,Brown,29
583,Karl,Malone,29
597,Chris,Munk,29
612,Delaney,Rudd,29
629,Andy,Toolson,29
630,Thurl,Bailey,29
658,David,Benoit,29
680,Corey,Crowder,29
681,Eric,Murdock,29
746,John,Crotty,29
747,Stephen,Howard,29
823,Bryon,Russell,29
824,Luther,Wright,29
855,Aaron,Williams,29
865,Chad,Gallagher,29
505,Herb,Williams,7
523,Roy,Tarpley,7
542,James,Donaldson,7
560,Rolando,Blackman,7
574,Derek,Harper,7
588,Alex,English,7
602,Lafayette,Lever,7
635,Rodney,McCray,7
652,Donald,Hodge,7
653,Joao,Vianna,7
654,Mike,Iuzzolino,7
685,Doug,Smith,7
715,Tracy,Moore,7
718,Brian,Howard,7
758,Sean,Rooks,7
759,Walter,Bond,7
786,Radisav,Curcic,7
788,Dexter,Cambridge,7
793,Jim,Jackson,7
825,Darren,Morningstar,7
826,Jamal,Mashburn,7
827,Lucious,Harris,7
828,Popeye,Jones,7
506,Joe,Wolf,8
524,Anthony,Cook,8
525,Todd,Lichti,8
543,Jerome,Lane,8
561,Avery,Johnson,8
575,Michael,Adams,8
589,T.R.,Dunn,8
603,Corey,Gaines,8
618,Marcus,Liberty,8
619,Walter,Davis,8
636,Blair,Rasmussen,8
660,Dikembe,Mutombo,8
661,Mark,Macon,8
682,Kevin,Brooks,8
751,Bryant,Stith,8
752,LaPhonso,Ellis,8
766,Robert,Werdann,8
779,Gary,Plummer,8
805,Darnell,Mee,8
806,Rodney,Rogers,8
851,Adonis,Jordan,8
863,Roy,Marble,8
508,Glen,Rice,16
527,Billy,Thompson,16
545,Grant,Long,16
546,Willie,Burton,16
563,Jon,Sundvold,16
577,Bimbo,Coles,16
591,Sherman,Douglas,16
605,Kevin,Edwards,16
621,Alec,Kessler,16
622,Terry,Davis,16
638,Milt,Wagner,16
642,Alan,Ogg,16
675,Steven,Smith,16
760,Harold,Miner,16
780,Matt,Geiger,16
798,Gary,Alexander,16
509,Greg,Foster,30
528,Byron,Irvin,30
547,Mark,Alarie,30
564,A.J.,English,30
578,Darrell,Walker,30
592,Charles,Jones,30
606,Haywoode,Workman,30
607,Tom,Hammonds,30
623,Larry,Robinson,30
639,Bernard,King,30
656,Albert,King,30
692,Larry,Stewart,30
701,Labradford,Smith,30
723,Derek,Strong,30
729,Brent,Price,30
730,Don,MacLean,30
731,Tom,Gugliotta,30
774,Doug,Overton,30
820,Calbert,Cheaney,30
821,Mitchell,Butler,30
822,Tito,Horford,30
848,Gheorghe,Muresan,30
868,Andrew,Gaze,30
640,Roy,Hinson,3
677,Doug,Lee,3
678,Rafael,Addison,3
697,Kenny,Anderson,3
831,P.J.,Brown,3
832,Rex,Walters,3
857,David,Wesley,3
643,Kevin,Lynch,4
671,Larry,Johnson,4
713,Ronnie,Grandison,4
720,Cedric,Hunter,4
728,Tony,Bennett,4
762,Lorenzo,Williams,4
771,Alonzo,Mourning,4
852,Scott,Burrell,4
650,Greg,Sutton,27
651,Tom,Copa,27
708,Donald,Royal,27
721,Stephen,Bardo,27
733,Lloyd,Daniels,27
734,Vinny,Del Negro,27
753,Matt,Othick,27
754,Sam,Mack,27
801,Chris,Whitney,27
659,Demetrius,Calip,14
695,Keith,Owens,14
722,Cliff,T. Robinson,14
744,Anthony,Peeler,14
745,Duane,Cooper,14
772,Alex,Blackwell,14
795,Doug,Christie,14
811,Antonio,Harvey,14
812,Nick,Van Exel,14
843,George,Lynch,14
864,Reggie,Jordan,14
664,Mark,Randall,5
703,Chuck,Nevitt,5
742,Corey,Williams,5
782,Jojo,English,5
789,Joe,Courtney,5
792,Ricky,Blanton,5
815,Corie,Blount,5
816,Toni,Kukoc,5
