{
    "14": {
        "playerId": "14",
        "firstName": "Ike",
        "lastName": "Anigbogu",
        "teamId": "12"
    },
    "679": {
        "playerId": "679",
        "firstName": "Sean",
        "lastName": "Green",
        "teamId": "12"
    },
    "700": {
        "playerId": "700",
        "firstName": "Dale",
        "lastName": "Davis",
        "teamId": "12"
    },
    "756": {
        "playerId": "756",
        "firstName": "Malik",
        "lastName": "Sealy",
        "teamId": "12"
    },
    "833": {
        "playerId": "833",
        "firstName": "Antonio",
        "lastName": "Davis",
        "teamId": "12"
    },
    "839": {
        "playerId": "839",
        "firstName": "Scott",
        "lastName": "Haskin",
        "teamId": "12"
    },
    "25": {
        "playerId": "25",
        "firstName": "Ron",
        "lastName": "Baker",
        "teamId": "20"
    },
    "655": {
        "playerId": "655",
        "firstName": "Greg",
        "lastName": "Anthony",
        "teamId": "20"
    },
    "683": {
        "playerId": "683",
        "firstName": "Carlton",
        "lastName": "McKinney",
        "teamId": "20"
    },
    "704": {
        "playerId": "704",
        "firstName": "Patrick",
        "lastName": "Eddie",
        "teamId": "20"
    },
    "757": {
        "playerId": "757",
        "firstName": "Hubert",
        "lastName": "Davis",
        "teamId": "20"
    },
    "775": {
        "playerId": "775",
        "firstName": "Eric",
        "lastName": "Anderson",
        "teamId": "20"
    },
    "47": {
        "playerId": "47",
        "firstName": "Jabari",
        "lastName": "Bird",
        "teamId": "2"
    },
    "494": {
        "playerId": "494",
        "firstName": "Michael",
        "lastName": "Smith",
        "teamId": "2"
    },
    "669": {
        "playerId": "669",
        "firstName": "John",
        "lastName": "Bagley",
        "teamId": "2"
    },
    "670": {
        "playerId": "670",
        "firstName": "Rick",
        "lastName": "Fox",
        "teamId": "2"
    },
    "781": {
        "playerId": "781",
        "firstName": "Marcus",
        "lastName": "Webb",
        "teamId": "2"
    },
    "807": {
        "playerId": "807",
        "firstName": "Acie",
        "lastName": "Earl",
        "teamId": "2"
    },
    "808": {
        "playerId": "808",
        "firstName": "Dino",
        "lastName": "Radja",
        "teamId": "2"
    },
    "838": {
        "playerId": "838",
        "firstName": "Matt",
        "lastName": "Wenstrom",
        "teamId": "2"
    },
    "67": {
        "playerId": "67",
        "firstName": "MarShon",
        "lastName": "Brooks",
        "teamId": "15"
    },
    "90": {
        "playerId": "90",
        "firstName": "Omri",
        "lastName": "Casspi",
        "teamId": "15"
    },
    "430": {
        "playerId": "430",
        "firstName": "DJ",
        "lastName": "Stephens",
        "teamId": "15"
    },
    "71": {
        "playerId": "71",
        "firstName": "Lorenzo",
        "lastName": "Brown",
        "teamId": "28"
    },
    "392": {
        "playerId": "392",
        "firstName": "Malachi",
        "lastName": "Richardson",
        "teamId": "28"
    },
    "1": {
        "playerId": "1",
        "firstName": "Alex",
        "lastName": "Abrines",
        "teamId": "21"
    },
    "119": {
        "playerId": "119",
        "firstName": "Tyler",
        "lastName": "Davis",
        "teamId": "21"
    },
    "686": {
        "playerId": "686",
        "firstName": "Marty",
        "lastName": "Conlon",
        "teamId": "21"
    },
    "687": {
        "playerId": "687",
        "firstName": "Rich",
        "lastName": "King",
        "teamId": "21"
    },
    "842": {
        "playerId": "842",
        "firstName": "Ervin",
        "lastName": "Johnson",
        "teamId": "21"
    },
    "858": {
        "playerId": "858",
        "firstName": "Chris",
        "lastName": "King",
        "teamId": "21"
    },
    "869": {
        "playerId": "869",
        "firstName": "Alphonso",
        "lastName": "Ford",
        "teamId": "21"
    },
    "149": {
        "playerId": "149",
        "firstName": "Keenan",
        "lastName": "Evans",
        "teamId": "9"
    },
    "281": {
        "playerId": "281",
        "firstName": "Zach",
        "lastName": "Lofton",
        "teamId": "9"
    },
    "498": {
        "playerId": "498",
        "firstName": "John",
        "lastName": "Salley",
        "teamId": "9"
    },
    "513": {
        "playerId": "513",
        "firstName": "Joe",
        "lastName": "Dumars",
        "teamId": "9"
    },
    "533": {
        "playerId": "533",
        "firstName": "Bill",
        "lastName": "Laimbeer",
        "teamId": "9"
    },
    "534": {
        "playerId": "534",
        "firstName": "William",
        "lastName": "Bedford",
        "teamId": "9"
    },
    "552": {
        "playerId": "552",
        "firstName": "Dennis",
        "lastName": "Rodman",
        "teamId": "9"
    },
    "567": {
        "playerId": "567",
        "firstName": "Isiah",
        "lastName": "Thomas",
        "teamId": "9"
    },
    "581": {
        "playerId": "581",
        "firstName": "James",
        "lastName": "Edwards",
        "teamId": "9"
    },
    "595": {
        "playerId": "595",
        "firstName": "Lance",
        "lastName": "Blanks",
        "teamId": "9"
    },
    "610": {
        "playerId": "610",
        "firstName": "Vinnie",
        "lastName": "Johnson",
        "teamId": "9"
    },
    "626": {
        "playerId": "626",
        "firstName": "Scott",
        "lastName": "Hastings",
        "teamId": "9"
    },
    "667": {
        "playerId": "667",
        "firstName": "Charles",
        "lastName": "Thomas",
        "teamId": "9"
    },
    "688": {
        "playerId": "688",
        "firstName": "Brad",
        "lastName": "Sellers",
        "teamId": "9"
    },
    "707": {
        "playerId": "707",
        "firstName": "Bob",
        "lastName": "McCann",
        "teamId": "9"
    },
    "773": {
        "playerId": "773",
        "firstName": "Isaiah",
        "lastName": "Morris",
        "teamId": "9"
    },
    "791": {
        "playerId": "791",
        "firstName": "Melvin",
        "lastName": "Newbern",
        "teamId": "9"
    },
    "834": {
        "playerId": "834",
        "firstName": "Allan",
        "lastName": "Houston",
        "teamId": "9"
    },
    "835": {
        "playerId": "835",
        "firstName": "Lindsey",
        "lastName": "Hunter",
        "teamId": "9"
    },
    "862": {
        "playerId": "862",
        "firstName": "Ben",
        "lastName": "Coleman",
        "teamId": "9"
    },
    "179": {
        "playerId": "179",
        "firstName": "Marcin",
        "lastName": "Gortat",
        "teamId": "13"
    },
    "437": {
        "playerId": "437",
        "firstName": "Milos",
        "lastName": "Teodosic",
        "teamId": "13"
    },
    "647": {
        "playerId": "647",
        "firstName": "Elliot",
        "lastName": "Perry",
        "teamId": "13"
    },
    "690": {
        "playerId": "690",
        "firstName": "Lanard",
        "lastName": "Copeland",
        "teamId": "13"
    },
    "691": {
        "playerId": "691",
        "firstName": "LeRon",
        "lastName": "Ellis",
        "teamId": "13"
    },
    "705": {
        "playerId": "705",
        "firstName": "David",
        "lastName": "Rivers",
        "teamId": "13"
    },
    "743": {
        "playerId": "743",
        "firstName": "Elmore",
        "lastName": "Spencer",
        "teamId": "13"
    },
    "769": {
        "playerId": "769",
        "firstName": "Randy",
        "lastName": "Woods",
        "teamId": "13"
    },
    "790": {
        "playerId": "790",
        "firstName": "Duane",
        "lastName": "Washington",
        "teamId": "13"
    },
    "813": {
        "playerId": "813",
        "firstName": "Terry",
        "lastName": "Dehere",
        "teamId": "13"
    },
    "844": {
        "playerId": "844",
        "firstName": "Bob",
        "lastName": "Martin",
        "teamId": "13"
    },
    "860": {
        "playerId": "860",
        "firstName": "Harold",
        "lastName": "Ellis",
        "teamId": "13"
    },
    "866": {
        "playerId": "866",
        "firstName": "Bo",
        "lastName": "Outlaw",
        "teamId": "13"
    },
    "1593": {
        "playerId": "1593",
        "firstName": "Andrew",
        "lastName": "Bogut",
        "teamId": "10"
    },
    "507": {
        "playerId": "507",
        "firstName": "Steve",
        "lastName": "Johnson",
        "teamId": "10"
    },
    "526": {
        "playerId": "526",
        "firstName": "Tom",
        "lastName": "Tolbert",
        "teamId": "10"
    },
    "544": {
        "playerId": "544",
        "firstName": "Sarunas",
        "lastName": "Marciulionis",
        "teamId": "10"
    },
    "562": {
        "playerId": "562",
        "firstName": "Rod",
        "lastName": "Higgins",
        "teamId": "10"
    },
    "576": {
        "playerId": "576",
        "firstName": "Tim",
        "lastName": "Hardaway",
        "teamId": "10"
    },
    "590": {
        "playerId": "590",
        "firstName": "Alton",
        "lastName": "Lister",
        "teamId": "10"
    },
    "604": {
        "playerId": "604",
        "firstName": "Mitch",
        "lastName": "Richmond",
        "teamId": "10"
    },
    "620": {
        "playerId": "620",
        "firstName": "Tyrone",
        "lastName": "Hill",
        "teamId": "10"
    },
    "637": {
        "playerId": "637",
        "firstName": "Kevin",
        "lastName": "Pritchard",
        "teamId": "10"
    },
    "662": {
        "playerId": "662",
        "firstName": "Chris",
        "lastName": "Gatling",
        "teamId": "10"
    },
    "663": {
        "playerId": "663",
        "firstName": "Victor",
        "lastName": "Alexander",
        "teamId": "10"
    },
    "684": {
        "playerId": "684",
        "firstName": "Billy",
        "lastName": "Owens",
        "teamId": "10"
    },
    "716": {
        "playerId": "716",
        "firstName": "Jaren",
        "lastName": "Jackson",
        "teamId": "10"
    },
    "748": {
        "playerId": "748",
        "firstName": "Byron",
        "lastName": "Houston",
        "teamId": "10"
    },
    "749": {
        "playerId": "749",
        "firstName": "Keith",
        "lastName": "Jennings",
        "teamId": "10"
    },
    "750": {
        "playerId": "750",
        "firstName": "Latrell",
        "lastName": "Sprewell",
        "teamId": "10"
    },
    "794": {
        "playerId": "794",
        "firstName": "Barry",
        "lastName": "Stevens",
        "teamId": "10"
    },
    "796": {
        "playerId": "796",
        "firstName": "Pat",
        "lastName": "Durham",
        "teamId": "10"
    },
    "802": {
        "playerId": "802",
        "firstName": "Josh",
        "lastName": "Grant",
        "teamId": "10"
    },
    "847": {
        "playerId": "847",
        "firstName": "Chris",
        "lastName": "Webber",
        "teamId": "10"
    },
    "853": {
        "playerId": "853",
        "firstName": "Dell",
        "lastName": "Demps",
        "teamId": "10"
    },
    "241": {
        "playerId": "241",
        "firstName": "Amir",
        "lastName": "Johnson",
        "teamId": "23"
    },
    "665": {
        "playerId": "665",
        "firstName": "Mitchell",
        "lastName": "Wiggins",
        "teamId": "23"
    },
    "666": {
        "playerId": "666",
        "firstName": "Tharon",
        "lastName": "Mayes",
        "teamId": "23"
    },
    "694": {
        "playerId": "694",
        "firstName": "Charles",
        "lastName": "Shackleford",
        "teamId": "23"
    },
    "712": {
        "playerId": "712",
        "firstName": "Jeff",
        "lastName": "Ruland",
        "teamId": "23"
    },
    "737": {
        "playerId": "737",
        "firstName": "Clar.",
        "lastName": "Weatherspoon",
        "teamId": "23"
    },
    "797": {
        "playerId": "797",
        "firstName": "Thomas",
        "lastName": "Jordan",
        "teamId": "23"
    },
    "817": {
        "playerId": "817",
        "firstName": "Michael",
        "lastName": "Curry",
        "teamId": "23"
    },
    "818": {
        "playerId": "818",
        "firstName": "Shawn",
        "lastName": "Bradley",
        "teamId": "23"
    },
    "819": {
        "playerId": "819",
        "firstName": "Warren",
        "lastName": "Kidd",
        "teamId": "23"
    },
    "841": {
        "playerId": "841",
        "firstName": "Greg",
        "lastName": "Graham",
        "teamId": "23"
    },
    "867": {
        "playerId": "867",
        "firstName": "Bill",
        "lastName": "Edwards",
        "teamId": "23"
    },
    "256": {
        "playerId": "256",
        "firstName": "George",
        "lastName": "King",
        "teamId": "24"
    },
    "501": {
        "playerId": "501",
        "firstName": "Kevin",
        "lastName": "Johnson",
        "teamId": "24"
    },
    "516": {
        "playerId": "516",
        "firstName": "Dan",
        "lastName": "Majerle",
        "teamId": "24"
    },
    "517": {
        "playerId": "517",
        "firstName": "Tom",
        "lastName": "Chambers",
        "teamId": "24"
    },
    "538": {
        "playerId": "538",
        "firstName": "Mark",
        "lastName": "West",
        "teamId": "24"
    },
    "555": {
        "playerId": "555",
        "firstName": "Cedric",
        "lastName": "Ceballos",
        "teamId": "24"
    },
    "556": {
        "playerId": "556",
        "firstName": "Tim",
        "lastName": "Perry",
        "teamId": "24"
    },
    "570": {
        "playerId": "570",
        "firstName": "Kenny",
        "lastName": "Battle",
        "teamId": "24"
    },
    "584": {
        "playerId": "584",
        "firstName": "Ian",
        "lastName": "Lockhart",
        "teamId": "24"
    },
    "598": {
        "playerId": "598",
        "firstName": "Jeff",
        "lastName": "Hornacek",
        "teamId": "24"
    },
    "613": {
        "playerId": "613",
        "firstName": "Ed",
        "lastName": "Nealy",
        "teamId": "24"
    },
    "631": {
        "playerId": "631",
        "firstName": "Kurt",
        "lastName": "Rambis",
        "teamId": "24"
    },
    "719": {
        "playerId": "719",
        "firstName": "Steve",
        "lastName": "Burtt",
        "teamId": "24"
    },
    "761": {
        "playerId": "761",
        "firstName": "Oliver",
        "lastName": "Miller",
        "teamId": "24"
    },
    "767": {
        "playerId": "767",
        "firstName": "Alex",
        "lastName": "Stivrins",
        "teamId": "24"
    },
    "768": {
        "playerId": "768",
        "firstName": "Frank",
        "lastName": "Johnson",
        "teamId": "24"
    },
    "776": {
        "playerId": "776",
        "firstName": "Tim",
        "lastName": "Kempton",
        "teamId": "24"
    },
    "785": {
        "playerId": "785",
        "firstName": "Richard",
        "lastName": "Dumas",
        "teamId": "24"
    },
    "861": {
        "playerId": "861",
        "firstName": "Malcolm",
        "lastName": "Mackey",
        "teamId": "24"
    },
    "263": {
        "playerId": "263",
        "firstName": "Kosta",
        "lastName": "Koufos",
        "teamId": "26"
    },
    "388": {
        "playerId": "388",
        "firstName": "Zach",
        "lastName": "Randolph",
        "teamId": "26"
    },
    "645": {
        "playerId": "645",
        "firstName": "Pete",
        "lastName": "Chilcutt",
        "teamId": "26"
    },
    "646": {
        "playerId": "646",
        "firstName": "Randy",
        "lastName": "Brown",
        "teamId": "26"
    },
    "674": {
        "playerId": "674",
        "firstName": "Carl",
        "lastName": "Thomas",
        "teamId": "26"
    },
    "732": {
        "playerId": "732",
        "firstName": "Walt",
        "lastName": "Williams",
        "teamId": "26"
    },
    "777": {
        "playerId": "777",
        "firstName": "Stan",
        "lastName": "Kimbrough",
        "teamId": "26"
    },
    "803": {
        "playerId": "803",
        "firstName": "Bobby",
        "lastName": "Hurley",
        "teamId": "26"
    },
    "804": {
        "playerId": "804",
        "firstName": "Mike",
        "lastName": "Peplowski",
        "teamId": "26"
    },
    "854": {
        "playerId": "854",
        "firstName": "Evers",
        "lastName": "Burns",
        "teamId": "26"
    },
    "348": {
        "playerId": "348",
        "firstName": "James",
        "lastName": "Nunnally",
        "teamId": "18"
    },
    "504": {
        "playerId": "504",
        "firstName": "Randy",
        "lastName": "Breuer",
        "teamId": "18"
    },
    "521": {
        "playerId": "521",
        "firstName": "Doug",
        "lastName": "West",
        "teamId": "18"
    },
    "522": {
        "playerId": "522",
        "firstName": "Tony",
        "lastName": "Campbell",
        "teamId": "18"
    },
    "541": {
        "playerId": "541",
        "firstName": "Richard",
        "lastName": "Coffey",
        "teamId": "18"
    },
    "559": {
        "playerId": "559",
        "firstName": "Scott",
        "lastName": "Brooks",
        "teamId": "18"
    },
    "573": {
        "playerId": "573",
        "firstName": "Pooh",
        "lastName": "Richardson",
        "teamId": "18"
    },
    "587": {
        "playerId": "587",
        "firstName": "Gerald",
        "lastName": "Glass",
        "teamId": "18"
    },
    "601": {
        "playerId": "601",
        "firstName": "Tod",
        "lastName": "Murphy",
        "teamId": "18"
    },
    "616": {
        "playerId": "616",
        "firstName": "Felton",
        "lastName": "Spencer",
        "teamId": "18"
    },
    "617": {
        "playerId": "617",
        "firstName": "Tyrone",
        "lastName": "Corbin",
        "teamId": "18"
    },
    "634": {
        "playerId": "634",
        "firstName": "Sam",
        "lastName": "Mitchell",
        "teamId": "18"
    },
    "657": {
        "playerId": "657",
        "firstName": "Tellis",
        "lastName": "Frank",
        "teamId": "18"
    },
    "699": {
        "playerId": "699",
        "firstName": "Myron",
        "lastName": "Brown",
        "teamId": "18"
    },
    "706": {
        "playerId": "706",
        "firstName": "Luc",
        "lastName": "Longley",
        "teamId": "18"
    },
    "739": {
        "playerId": "739",
        "firstName": "Chris",
        "lastName": "Smith",
        "teamId": "18"
    },
    "740": {
        "playerId": "740",
        "firstName": "Christian",
        "lastName": "Laettner",
        "teamId": "18"
    },
    "741": {
        "playerId": "741",
        "firstName": "Gundars",
        "lastName": "Vetra",
        "teamId": "18"
    },
    "783": {
        "playerId": "783",
        "firstName": "Marlon",
        "lastName": "Maxey",
        "teamId": "18"
    },
    "836": {
        "playerId": "836",
        "firstName": "Brian",
        "lastName": "Davis",
        "teamId": "18"
    },
    "837": {
        "playerId": "837",
        "firstName": "Isaiah",
        "lastName": "Rider",
        "teamId": "18"
    },
    "856": {
        "playerId": "856",
        "firstName": "Stanley",
        "lastName": "Jackson",
        "teamId": "18"
    },
    "870": {
        "playerId": "870",
        "firstName": "Andres",
        "lastName": "Guibert",
        "teamId": "18"
    },
    "382": {
        "playerId": "382",
        "firstName": "Billy",
        "lastName": "Preston",
        "teamId": "6"
    },
    "495": {
        "playerId": "495",
        "firstName": "John",
        "lastName": "Morton",
        "teamId": "6"
    },
    "510": {
        "playerId": "510",
        "firstName": "Larry",
        "lastName": "Nance",
        "teamId": "6"
    },
    "529": {
        "playerId": "529",
        "firstName": "Mark",
        "lastName": "Price",
        "teamId": "6"
    },
    "548": {
        "playerId": "548",
        "firstName": "Winston",
        "lastName": "Bennett",
        "teamId": "6"
    },
    "648": {
        "playerId": "648",
        "firstName": "Jimmy",
        "lastName": "Oliver",
        "teamId": "6"
    },
    "649": {
        "playerId": "649",
        "firstName": "Terrell",
        "lastName": "Brandon",
        "teamId": "6"
    },
    "724": {
        "playerId": "724",
        "firstName": "Bobby",
        "lastName": "Phills",
        "teamId": "6"
    },
    "778": {
        "playerId": "778",
        "firstName": "Jay",
        "lastName": "Guidinger",
        "teamId": "6"
    },
    "809": {
        "playerId": "809",
        "firstName": "Chris",
        "lastName": "Mills",
        "teamId": "6"
    },
    "840": {
        "playerId": "840",
        "firstName": "Gerald",
        "lastName": "Madkins",
        "teamId": "6"
    },
    "846": {
        "playerId": "846",
        "firstName": "Sedric",
        "lastName": "Toney",
        "teamId": "6"
    },
    "384": {
        "playerId": "384",
        "firstName": "Zhou",
        "lastName": "Qi",
        "teamId": "11"
    },
    "503": {
        "playerId": "503",
        "firstName": "Kenny",
        "lastName": "Smith",
        "teamId": "11"
    },
    "519": {
        "playerId": "519",
        "firstName": "Adrian",
        "lastName": "Caldwell",
        "teamId": "11"
    },
    "520": {
        "playerId": "520",
        "firstName": "Vernon",
        "lastName": "Maxwell",
        "teamId": "11"
    },
    "540": {
        "playerId": "540",
        "firstName": "Hakeem",
        "lastName": "Olajuwon",
        "teamId": "11"
    },
    "558": {
        "playerId": "558",
        "firstName": "Dave",
        "lastName": "Jamerson",
        "teamId": "11"
    },
    "572": {
        "playerId": "572",
        "firstName": "Larry",
        "lastName": "Smith",
        "teamId": "11"
    },
    "586": {
        "playerId": "586",
        "firstName": "Otis",
        "lastName": "Thorpe",
        "teamId": "11"
    },
    "600": {
        "playerId": "600",
        "firstName": "Dave",
        "lastName": "Feitl",
        "teamId": "11"
    },
    "615": {
        "playerId": "615",
        "firstName": "Sleepy",
        "lastName": "Floyd",
        "teamId": "11"
    },
    "633": {
        "playerId": "633",
        "firstName": "David",
        "lastName": "Wood",
        "teamId": "11"
    },
    "641": {
        "playerId": "641",
        "firstName": "Matt",
        "lastName": "Bullard",
        "teamId": "11"
    },
    "693": {
        "playerId": "693",
        "firstName": "John",
        "lastName": "Turner",
        "teamId": "11"
    },
    "698": {
        "playerId": "698",
        "firstName": "Carl",
        "lastName": "Herrera",
        "teamId": "11"
    },
    "738": {
        "playerId": "738",
        "firstName": "Robert",
        "lastName": "Horry",
        "teamId": "11"
    },
    "829": {
        "playerId": "829",
        "firstName": "Eric",
        "lastName": "Riley",
        "teamId": "11"
    },
    "830": {
        "playerId": "830",
        "firstName": "Sam",
        "lastName": "Cassell",
        "teamId": "11"
    },
    "849": {
        "playerId": "849",
        "firstName": "Richard",
        "lastName": "Petruska",
        "teamId": "11"
    },
    "448": {
        "playerId": "448",
        "firstName": "Gary",
        "lastName": "Trent Jr.",
        "teamId": "25"
    },
    "502": {
        "playerId": "502",
        "firstName": "Danny",
        "lastName": "Ainge",
        "teamId": "25"
    },
    "518": {
        "playerId": "518",
        "firstName": "Alaa",
        "lastName": "Abdelnaby",
        "teamId": "25"
    },
    "539": {
        "playerId": "539",
        "firstName": "Clifford",
        "lastName": "Robinson",
        "teamId": "25"
    },
    "557": {
        "playerId": "557",
        "firstName": "Buck",
        "lastName": "Williams",
        "teamId": "25"
    },
    "571": {
        "playerId": "571",
        "firstName": "Danny",
        "lastName": "Young",
        "teamId": "25"
    },
    "585": {
        "playerId": "585",
        "firstName": "Kevin",
        "lastName": "Duckworth",
        "teamId": "25"
    },
    "599": {
        "playerId": "599",
        "firstName": "Jerome",
        "lastName": "Kersey",
        "teamId": "25"
    },
    "614": {
        "playerId": "614",
        "firstName": "Wayne",
        "lastName": "Cooper",
        "teamId": "25"
    },
    "632": {
        "playerId": "632",
        "firstName": "Clyde",
        "lastName": "Drexler",
        "teamId": "25"
    },
    "668": {
        "playerId": "668",
        "firstName": "Robert",
        "lastName": "Pack",
        "teamId": "25"
    },
    "714": {
        "playerId": "714",
        "firstName": "Lamont",
        "lastName": "Strothers",
        "teamId": "25"
    },
    "717": {
        "playerId": "717",
        "firstName": "Ennis",
        "lastName": "Whatley",
        "teamId": "25"
    },
    "763": {
        "playerId": "763",
        "firstName": "Dave",
        "lastName": "Johnson",
        "teamId": "25"
    },
    "764": {
        "playerId": "764",
        "firstName": "Reggie",
        "lastName": "Smith",
        "teamId": "25"
    },
    "765": {
        "playerId": "765",
        "firstName": "Tracy",
        "lastName": "Murray",
        "teamId": "25"
    },
    "814": {
        "playerId": "814",
        "firstName": "James",
        "lastName": "Robinson",
        "teamId": "25"
    },
    "850": {
        "playerId": "850",
        "firstName": "Kevin",
        "lastName": "Thompson",
        "teamId": "25"
    },
    "496": {
        "playerId": "496",
        "firstName": "Howard",
        "lastName": "Wright",
        "teamId": "1"
    },
    "511": {
        "playerId": "511",
        "firstName": "Duane",
        "lastName": "Ferrell",
        "teamId": "1"
    },
    "530": {
        "playerId": "530",
        "firstName": "Dominique",
        "lastName": "Wilkins",
        "teamId": "1"
    },
    "549": {
        "playerId": "549",
        "firstName": "Doc",
        "lastName": "Rivers",
        "teamId": "1"
    },
    "550": {
        "playerId": "550",
        "firstName": "Tim",
        "lastName": "McCormick",
        "teamId": "1"
    },
    "565": {
        "playerId": "565",
        "firstName": "John",
        "lastName": "Battle",
        "teamId": "1"
    },
    "579": {
        "playerId": "579",
        "firstName": "Kevin",
        "lastName": "Willis",
        "teamId": "1"
    },
    "593": {
        "playerId": "593",
        "firstName": "Moses",
        "lastName": "Malone",
        "teamId": "1"
    },
    "608": {
        "playerId": "608",
        "firstName": "Rumeal",
        "lastName": "Robinson",
        "teamId": "1"
    },
    "624": {
        "playerId": "624",
        "firstName": "Sidney",
        "lastName": "Moncrief",
        "teamId": "1"
    },
    "672": {
        "playerId": "672",
        "firstName": "Alexander",
        "lastName": "Volkov",
        "teamId": "1"
    },
    "673": {
        "playerId": "673",
        "firstName": "Stacey",
        "lastName": "Augmon",
        "teamId": "1"
    },
    "689": {
        "playerId": "689",
        "firstName": "Rodney",
        "lastName": "Monroe",
        "teamId": "1"
    },
    "696": {
        "playerId": "696",
        "firstName": "Paul",
        "lastName": "Graham",
        "teamId": "1"
    },
    "736": {
        "playerId": "736",
        "firstName": "Adam",
        "lastName": "Keefe",
        "teamId": "1"
    },
    "787": {
        "playerId": "787",
        "firstName": "Andre",
        "lastName": "Spencer",
        "teamId": "1"
    },
    "845": {
        "playerId": "845",
        "firstName": "Ricky",
        "lastName": "Grace",
        "teamId": "1"
    },
    "859": {
        "playerId": "859",
        "firstName": "Doug",
        "lastName": "Edwards",
        "teamId": "1"
    },
    "497": {
        "playerId": "497",
        "firstName": "Michael",
        "lastName": "Ansley",
        "teamId": "22"
    },
    "512": {
        "playerId": "512",
        "firstName": "Nick",
        "lastName": "Anderson",
        "teamId": "22"
    },
    "531": {
        "playerId": "531",
        "firstName": "Dennis",
        "lastName": "Scott",
        "teamId": "22"
    },
    "532": {
        "playerId": "532",
        "firstName": "Terry",
        "lastName": "Catledge",
        "teamId": "22"
    },
    "551": {
        "playerId": "551",
        "firstName": "Scott",
        "lastName": "Skiles",
        "teamId": "22"
    },
    "566": {
        "playerId": "566",
        "firstName": "Sam",
        "lastName": "Vincent",
        "teamId": "22"
    },
    "580": {
        "playerId": "580",
        "firstName": "Otis",
        "lastName": "Smith",
        "teamId": "22"
    },
    "594": {
        "playerId": "594",
        "firstName": "Mark",
        "lastName": "Acres",
        "teamId": "22"
    },
    "609": {
        "playerId": "609",
        "firstName": "Greg",
        "lastName": "Kite",
        "teamId": "22"
    },
    "625": {
        "playerId": "625",
        "firstName": "Jeff",
        "lastName": "Turner",
        "teamId": "22"
    },
    "676": {
        "playerId": "676",
        "firstName": "Stanley",
        "lastName": "Roberts",
        "teamId": "22"
    },
    "702": {
        "playerId": "702",
        "firstName": "Bison",
        "lastName": "Dele",
        "teamId": "22"
    },
    "709": {
        "playerId": "709",
        "firstName": "Anthony",
        "lastName": "Bowie",
        "teamId": "22"
    },
    "710": {
        "playerId": "710",
        "firstName": "Chris",
        "lastName": "Corchiani",
        "teamId": "22"
    },
    "711": {
        "playerId": "711",
        "firstName": "Stephen",
        "lastName": "Thompson",
        "teamId": "22"
    },
    "735": {
        "playerId": "735",
        "firstName": "Shaquille",
        "lastName": "O'Neal",
        "teamId": "22"
    },
    "770": {
        "playerId": "770",
        "firstName": "Litterial",
        "lastName": "Green",
        "teamId": "22"
    },
    "799": {
        "playerId": "799",
        "firstName": "Anfernee",
        "lastName": "Hardaway",
        "teamId": "22"
    },
    "800": {
        "playerId": "800",
        "firstName": "Keith",
        "lastName": "Tower",
        "teamId": "22"
    },
    "499": {
        "playerId": "499",
        "firstName": "Dan",
        "lastName": "Schayes",
        "teamId": "17"
    },
    "514": {
        "playerId": "514",
        "firstName": "Jay",
        "lastName": "Humphries",
        "teamId": "17"
    },
    "535": {
        "playerId": "535",
        "firstName": "Ricky",
        "lastName": "Pierce",
        "teamId": "17"
    },
    "553": {
        "playerId": "553",
        "firstName": "Greg",
        "lastName": "Anderson",
        "teamId": "17"
    },
    "568": {
        "playerId": "568",
        "firstName": "Brad",
        "lastName": "Lohaus",
        "teamId": "17"
    },
    "582": {
        "playerId": "582",
        "firstName": "Frank",
        "lastName": "Brickowski",
        "teamId": "17"
    },
    "596": {
        "playerId": "596",
        "firstName": "Jeff",
        "lastName": "Grayer",
        "teamId": "17"
    },
    "611": {
        "playerId": "611",
        "firstName": "Jack",
        "lastName": "Sikma",
        "teamId": "17"
    },
    "627": {
        "playerId": "627",
        "firstName": "Alvin",
        "lastName": "Robertson",
        "teamId": "17"
    },
    "628": {
        "playerId": "628",
        "firstName": "Steve",
        "lastName": "Henson",
        "teamId": "17"
    },
    "644": {
        "playerId": "644",
        "firstName": "Larry",
        "lastName": "Krystkowiak",
        "teamId": "17"
    },
    "725": {
        "playerId": "725",
        "firstName": "Anthony",
        "lastName": "Avent",
        "teamId": "17"
    },
    "726": {
        "playerId": "726",
        "firstName": "Lee",
        "lastName": "Mayberry",
        "teamId": "17"
    },
    "727": {
        "playerId": "727",
        "firstName": "Todd",
        "lastName": "Day",
        "teamId": "17"
    },
    "755": {
        "playerId": "755",
        "firstName": "Anthony",
        "lastName": "Pullard",
        "teamId": "17"
    },
    "784": {
        "playerId": "784",
        "firstName": "Jon",
        "lastName": "Barry",
        "teamId": "17"
    },
    "810": {
        "playerId": "810",
        "firstName": "Vin",
        "lastName": "Baker",
        "teamId": "17"
    },
    "500": {
        "playerId": "500",
        "firstName": "Mark",
        "lastName": "Eaton",
        "teamId": "29"
    },
    "515": {
        "playerId": "515",
        "firstName": "Darrell",
        "lastName": "Griffith",
        "teamId": "29"
    },
    "536": {
        "playerId": "536",
        "firstName": "Blue",
        "lastName": "Edwards",
        "teamId": "29"
    },
    "537": {
        "playerId": "537",
        "firstName": "Walter",
        "lastName": "Palmer",
        "teamId": "29"
    },
    "554": {
        "playerId": "554",
        "firstName": "Jeff",
        "lastName": "Malone",
        "teamId": "29"
    },
    "569": {
        "playerId": "569",
        "firstName": "Mike",
        "lastName": "Brown",
        "teamId": "29"
    },
    "583": {
        "playerId": "583",
        "firstName": "Karl",
        "lastName": "Malone",
        "teamId": "29"
    },
    "597": {
        "playerId": "597",
        "firstName": "Chris",
        "lastName": "Munk",
        "teamId": "29"
    },
    "612": {
        "playerId": "612",
        "firstName": "Delaney",
        "lastName": "Rudd",
        "teamId": "29"
    },
    "629": {
        "playerId": "629",
        "firstName": "Andy",
        "lastName": "Toolson",
        "teamId": "29"
    },
    "630": {
        "playerId": "630",
        "firstName": "Thurl",
        "lastName": "Bailey",
        "teamId": "29"
    },
    "658": {
        "playerId": "658",
        "firstName": "David",
        "lastName": "Benoit",
        "teamId": "29"
    },
    "680": {
        "playerId": "680",
        "firstName": "Corey",
        "lastName": "Crowder",
        "teamId": "29"
    },
    "681": {
        "playerId": "681",
        "firstName": "Eric",
        "lastName": "Murdock",
        "teamId": "29"
    },
    "746": {
        "playerId": "746",
        "firstName": "John",
        "lastName": "Crotty",
        "teamId": "29"
    },
    "747": {
        "playerId": "747",
        "firstName": "Stephen",
        "lastName": "Howard",
        "teamId": "29"
    },
    "823": {
        "playerId": "823",
        "firstName": "Bryon",
        "lastName": "Russell",
        "teamId": "29"
    },
    "824": {
        "playerId": "824",
        "firstName": "Luther",
        "lastName": "Wright",
        "teamId": "29"
    },
    "855": {
        "playerId": "855",
        "firstName": "Aaron",
        "lastName": "Williams",
        "teamId": "29"
    },
    "865": {
        "playerId": "865",
        "firstName": "Chad",
        "lastName": "Gallagher",
        "teamId": "29"
    },
    "505": {
        "playerId": "505",
        "firstName": "Herb",
        "lastName": "Williams",
        "teamId": "7"
    },
    "523": {
        "playerId": "523",
        "firstName": "Roy",
        "lastName": "Tarpley",
        "teamId": "7"
    },
    "542": {
        "playerId": "542",
        "firstName": "James",
        "lastName": "Donaldson",
        "teamId": "7"
    },
    "560": {
        "playerId": "560",
        "firstName": "Rolando",
        "lastName": "Blackman",
        "teamId": "7"
    },
    "574": {
        "playerId": "574",
        "firstName": "Derek",
        "lastName": "Harper",
        "teamId": "7"
    },
    "588": {
        "playerId": "588",
        "firstName": "Alex",
        "lastName": "English",
        "teamId": "7"
    },
    "602": {
        "playerId": "602",
        "firstName": "Lafayette",
        "lastName": "Lever",
        "teamId": "7"
    },
    "635": {
        "playerId": "635",
        "firstName": "Rodney",
        "lastName": "McCray",
        "teamId": "7"
    },
    "652": {
        "playerId": "652",
        "firstName": "Donald",
        "lastName": "Hodge",
        "teamId": "7"
    },
    "653": {
        "playerId": "653",
        "firstName": "Joao",
        "lastName": "Vianna",
        "teamId": "7"
    },
    "654": {
        "playerId": "654",
        "firstName": "Mike",
        "lastName": "Iuzzolino",
        "teamId": "7"
    },
    "685": {
        "playerId": "685",
        "firstName": "Doug",
        "lastName": "Smith",
        "teamId": "7"
    },
    "715": {
        "playerId": "715",
        "firstName": "Tracy",
        "lastName": "Moore",
        "teamId": "7"
    },
    "718": {
        "playerId": "718",
        "firstName": "Brian",
        "lastName": "Howard",
        "teamId": "7"
    },
    "758": {
        "playerId": "758",
        "firstName": "Sean",
        "lastName": "Rooks",
        "teamId": "7"
    },
    "759": {
        "playerId": "759",
        "firstName": "Walter",
        "lastName": "Bond",
        "teamId": "7"
    },
    "786": {
        "playerId": "786",
        "firstName": "Radisav",
        "lastName": "Curcic",
        "teamId": "7"
    },
    "788": {
        "playerId": "788",
        "firstName": "Dexter",
        "lastName": "Cambridge",
        "teamId": "7"
    },
    "793": {
        "playerId": "793",
        "firstName": "Jim",
        "lastName": "Jackson",
        "teamId": "7"
    },
    "825": {
        "playerId": "825",
        "firstName": "Darren",
        "lastName": "Morningstar",
        "teamId": "7"
    },
    "826": {
        "playerId": "826",
        "firstName": "Jamal",
        "lastName": "Mashburn",
        "teamId": "7"
    },
    "827": {
        "playerId": "827",
        "firstName": "Lucious",
        "lastName": "Harris",
        "teamId": "7"
    },
    "828": {
        "playerId": "828",
        "firstName": "Popeye",
        "lastName": "Jones",
        "teamId": "7"
    },
    "506": {
        "playerId": "506",
        "firstName": "Joe",
        "lastName": "Wolf",
        "teamId": "8"
    },
    "524": {
        "playerId": "524",
        "firstName": "Anthony",
        "lastName": "Cook",
        "teamId": "8"
    },
    "525": {
        "playerId": "525",
        "firstName": "Todd",
        "lastName": "Lichti",
        "teamId": "8"
    },
    "543": {
        "playerId": "543",
        "firstName": "Jerome",
        "lastName": "Lane",
        "teamId": "8"
    },
    "561": {
        "playerId": "561",
        "firstName": "Avery",
        "lastName": "Johnson",
        "teamId": "8"
    },
    "575": {
        "playerId": "575",
        "firstName": "Michael",
        "lastName": "Adams",
        "teamId": "8"
    },
    "589": {
        "playerId": "589",
        "firstName": "T.R.",
        "lastName": "Dunn",
        "teamId": "8"
    },
    "603": {
        "playerId": "603",
        "firstName": "Corey",
        "lastName": "Gaines",
        "teamId": "8"
    },
    "618": {
        "playerId": "618",
        "firstName": "Marcus",
        "lastName": "Liberty",
        "teamId": "8"
    },
    "619": {
        "playerId": "619",
        "firstName": "Walter",
        "lastName": "Davis",
        "teamId": "8"
    },
    "636": {
        "playerId": "636",
        "firstName": "Blair",
        "lastName": "Rasmussen",
        "teamId": "8"
    },
    "660": {
        "playerId": "660",
        "firstName": "Dikembe",
        "lastName": "Mutombo",
        "teamId": "8"
    },
    "661": {
        "playerId": "661",
        "firstName": "Mark",
        "lastName": "Macon",
        "teamId": "8"
    },
    "682": {
        "playerId": "682",
        "firstName": "Kevin",
        "lastName": "Brooks",
        "teamId": "8"
    },
    "751": {
        "playerId": "751",
        "firstName": "Bryant",
        "lastName": "Stith",
        "teamId": "8"
    },
    "752": {
        "playerId": "752",
        "firstName": "LaPhonso",
        "lastName": "Ellis",
        "teamId": "8"
    },
    "766": {
        "playerId": "766",
        "firstName": "Robert",
        "lastName": "Werdann",
        "teamId": "8"
    },
    "779": {
        "playerId": "779",
        "firstName": "Gary",
        "lastName": "Plummer",
        "teamId": "8"
    },
    "805": {
        "playerId": "805",
        "firstName": "Darnell",
        "lastName": "Mee",
        "teamId": "8"
    },
    "806": {
        "playerId": "806",
        "firstName": "Rodney",
        "lastName": "Rogers",
        "teamId": "8"
    },
    "851": {
        "playerId": "851",
        "firstName": "Adonis",
        "lastName": "Jordan",
        "teamId": "8"
    },
    "863": {
        "playerId": "863",
        "firstName": "Roy",
        "lastName": "Marble",
        "teamId": "8"
    },
    "508": {
        "playerId": "508",
        "firstName": "Glen",
        "lastName": "Rice",
        "teamId": "16"
    },
    "527": {
        "playerId": "527",
        "firstName": "Billy",
        "lastName": "Thompson",
        "teamId": "16"
    },
    "545": {
        "playerId": "545",
        "firstName": "Grant",
        "lastName": "Long",
        "teamId": "16"
    },
    "546": {
        "playerId": "546",
        "firstName": "Willie",
        "lastName": "Burton",
        "teamId": "16"
    },
    "563": {
        "playerId": "563",
        "firstName": "Jon",
        "lastName": "Sundvold",
        "teamId": "16"
    },
    "577": {
        "playerId": "577",
        "firstName": "Bimbo",
        "lastName": "Coles",
        "teamId": "16"
    },
    "591": {
        "playerId": "591",
        "firstName": "Sherman",
        "lastName": "Douglas",
        "teamId": "16"
    },
    "605": {
        "playerId": "605",
        "firstName": "Kevin",
        "lastName": "Edwards",
        "teamId": "16"
    },
    "621": {
        "playerId": "621",
        "firstName": "Alec",
        "lastName": "Kessler",
        "teamId": "16"
    },
    "622": {
        "playerId": "622",
        "firstName": "Terry",
        "lastName": "Davis",
        "teamId": "16"
    },
    "638": {
        "playerId": "638",
        "firstName": "Milt",
        "lastName": "Wagner",
        "teamId": "16"
    },
    "642": {
        "playerId": "642",
        "firstName": "Alan",
        "lastName": "Ogg",
        "teamId": "16"
    },
    "675": {
        "playerId": "675",
        "firstName": "Steven",
        "lastName": "Smith",
        "teamId": "16"
    },
    "760": {
        "playerId": "760",
        "firstName": "Harold",
        "lastName": "Miner",
        "teamId": "16"
    },
    "780": {
        "playerId": "780",
        "firstName": "Matt",
        "lastName": "Geiger",
        "teamId": "16"
    },
    "798": {
        "playerId": "798",
        "firstName": "Gary",
        "lastName": "Alexander",
        "teamId": "16"
    },
    "509": {
        "playerId": "509",
        "firstName": "Greg",
        "lastName": "Foster",
        "teamId": "30"
    },
    "528": {
        "playerId": "528",
        "firstName": "Byron",
        "lastName": "Irvin",
        "teamId": "30"
    },
    "547": {
        "playerId": "547",
        "firstName": "Mark",
        "lastName": "Alarie",
        "teamId": "30"
    },
    "564": {
        "playerId": "564",
        "firstName": "A.J.",
        "lastName": "English",
        "teamId": "30"
    },
    "578": {
        "playerId": "578",
        "firstName": "Darrell",
        "lastName": "Walker",
        "teamId": "30"
    },
    "592": {
        "playerId": "592",
        "firstName": "Charles",
        "lastName": "Jones",
        "teamId": "30"
    },
    "606": {
        "playerId": "606",
        "firstName": "Haywoode",
        "lastName": "Workman",
        "teamId": "30"
    },
    "607": {
        "playerId": "607",
        "firstName": "Tom",
        "lastName": "Hammonds",
        "teamId": "30"
    },
    "623": {
        "playerId": "623",
        "firstName": "Larry",
        "lastName": "Robinson",
        "teamId": "30"
    },
    "639": {
        "playerId": "639",
        "firstName": "Bernard",
        "lastName": "King",
        "teamId": "30"
    },
    "656": {
        "playerId": "656",
        "firstName": "Albert",
        "lastName": "King",
        "teamId": "30"
    },
    "692": {
        "playerId": "692",
        "firstName": "Larry",
        "lastName": "Stewart",
        "teamId": "30"
    },
    "701": {
        "playerId": "701",
        "firstName": "Labradford",
        "lastName": "Smith",
        "teamId": "30"
    },
    "723": {
        "playerId": "723",
        "firstName": "Derek",
        "lastName": "Strong",
        "teamId": "30"
    },
    "729": {
        "playerId": "729",
        "firstName": "Brent",
        "lastName": "Price",
        "teamId": "30"
    },
    "730": {
        "playerId": "730",
        "firstName": "Don",
        "lastName": "MacLean",
        "teamId": "30"
    },
    "731": {
        "playerId": "731",
        "firstName": "Tom",
        "lastName": "Gugliotta",
        "teamId": "30"
    },
    "774": {
        "playerId": "774",
        "firstName": "Doug",
        "lastName": "Overton",
        "teamId": "30"
    },
    "820": {
        "playerId": "820",
        "firstName": "Calbert",
        "lastName": "Cheaney",
        "teamId": "30"
    },
    "821": {
        "playerId": "821",
        "firstName": "Mitchell",
        "lastName": "Butler",
        "teamId": "30"
    },
    "822": {
        "playerId": "822",
        "firstName": "Tito",
        "lastName": "Horford",
        "teamId": "30"
    },
    "848": {
        "playerId": "848",
        "firstName": "Gheorghe",
        "lastName": "Muresan",
        "teamId": "30"
    },
    "868": {
        "playerId": "868",
        "firstName": "Andrew",
        "lastName": "Gaze",
        "teamId": "30"
    },
    "640": {
        "playerId": "640",
        "firstName": "Roy",
        "lastName": "Hinson",
        "teamId": "3"
    },
    "677": {
        "playerId": "677",
        "firstName": "Doug",
        "lastName": "Lee",
        "teamId": "3"
    },
    "678": {
        "playerId": "678",
        "firstName": "Rafael",
        "lastName": "Addison",
        "teamId": "3"
    },
    "697": {
        "playerId": "697",
        "firstName": "Kenny",
        "lastName": "Anderson",
        "teamId": "3"
    },
    "831": {
        "playerId": "831",
        "firstName": "P.J.",
        "lastName": "Brown",
        "teamId": "3"
    },
    "832": {
        "playerId": "832",
        "firstName": "Rex",
        "lastName": "Walters",
        "teamId": "3"
    },
    "857": {
        "playerId": "857",
        "firstName": "David",
        "lastName": "Wesley",
        "teamId": "3"
    },
    "643": {
        "playerId": "643",
        "firstName": "Kevin",
        "lastName": "Lynch",
        "teamId": "4"
    },
    "671": {
        "playerId": "671",
        "firstName": "Larry",
        "lastName": "Johnson",
        "teamId": "4"
    },
    "713": {
        "playerId": "713",
        "firstName": "Ronnie",
        "lastName": "Grandison",
        "teamId": "4"
    },
    "720": {
        "playerId": "720",
        "firstName": "Cedric",
        "lastName": "Hunter",
        "teamId": "4"
    },
    "728": {
        "playerId": "728",
        "firstName": "Tony",
        "lastName": "Bennett",
        "teamId": "4"
    },
    "762": {
        "playerId": "762",
        "firstName": "Lorenzo",
        "lastName": "Williams",
        "teamId": "4"
    },
    "771": {
        "playerId": "771",
        "firstName": "Alonzo",
        "lastName": "Mourning",
        "teamId": "4"
    },
    "852": {
        "playerId": "852",
        "firstName": "Scott",
        "lastName": "Burrell",
        "teamId": "4"
    },
    "650": {
        "playerId": "650",
        "firstName": "Greg",
        "lastName": "Sutton",
        "teamId": "27"
    },
    "651": {
        "playerId": "651",
        "firstName": "Tom",
        "lastName": "Copa",
        "teamId": "27"
    },
    "708": {
        "playerId": "708",
        "firstName": "Donald",
        "lastName": "Royal",
        "teamId": "27"
    },
    "721": {
        "playerId": "721",
        "firstName": "Stephen",
        "lastName": "Bardo",
        "teamId": "27"
    },
    "733": {
        "playerId": "733",
        "firstName": "Lloyd",
        "lastName": "Daniels",
        "teamId": "27"
    },
    "734": {
        "playerId": "734",
        "firstName": "Vinny",
        "lastName": "Del Negro",
        "teamId": "27"
    },
    "753": {
        "playerId": "753",
        "firstName": "Matt",
        "lastName": "Othick",
        "teamId": "27"
    },
    "754": {
        "playerId": "754",
        "firstName": "Sam",
        "lastName": "Mack",
        "teamId": "27"
    },
    "801": {
        "playerId": "801",
        "firstName": "Chris",
        "lastName": "Whitney",
        "teamId": "27"
    },
    "659": {
        "playerId": "659",
        "firstName": "Demetrius",
        "lastName": "Calip",
        "teamId": "14"
    },
    "695": {
        "playerId": "695",
        "firstName": "Keith",
        "lastName": "Owens",
        "teamId": "14"
    },
    "722": {
        "playerId": "722",
        "firstName": "Cliff",
        "lastName": "T. Robinson",
        "teamId": "14"
    },
    "744": {
        "playerId": "744",
        "firstName": "Anthony",
        "lastName": "Peeler",
        "teamId": "14"
    },
    "745": {
        "playerId": "745",
        "firstName": "Duane",
        "lastName": "Cooper",
        "teamId": "14"
    },
    "772": {
        "playerId": "772",
        "firstName": "Alex",
        "lastName": "Blackwell",
        "teamId": "14"
    },
    "795": {
        "playerId": "795",
        "firstName": "Doug",
        "lastName": "Christie",
        "teamId": "14"
    },
    "811": {
        "playerId": "811",
        "firstName": "Antonio",
        "lastName": "Harvey",
        "teamId": "14"
    },
    "812": {
        "playerId": "812",
        "firstName": "Nick",
        "lastName": "Van Exel",
        "teamId": "14"
    },
    "843": {
        "playerId": "843",
        "firstName": "George",
        "lastName": "Lynch",
        "teamId": "14"
    },
    "864": {
        "playerId": "864",
        "firstName": "Reggie",
        "lastName": "Jordan",
        "teamId": "14"
    },
    "664": {
        "playerId": "664",
        "firstName": "Mark",
        "lastName": "Randall",
        "teamId": "5"
    },
    "703": {
        "playerId": "703",
        "firstName": "Chuck",
        "lastName": "Nevitt",
        "teamId": "5"
    },
    "742": {
        "playerId": "742",
        "firstName": "Corey",
        "lastName": "Williams",
        "teamId": "5"
    },
    "782": {
        "playerId": "782",
        "firstName": "Jojo",
        "lastName": "English",
        "teamId": "5"
    },
    "789": {
        "playerId": "789",
        "firstName": "Joe",
        "lastName": "Courtney",
        "teamId": "5"
    },
    "792": {
        "playerId": "792",
        "firstName": "Ricky",
        "lastName": "Blanton",
        "teamId": "5"
    },
    "815": {
        "playerId": "815",
        "firstName": "Corie",
        "lastName": "Blount",
        "teamId": "5"
    },
    "816": {
        "playerId": "816",
        "firstName": "Toni",
        "lastName": "Kukoc",
        "teamId": "5"
    }
}