{
    "1069008": {
        "statId": "1069008",
        "playerId": "415",
        "points": "7"
    },
    "1069009": {
        "statId": "1069009",
        "playerId": "49",
        "points": "2"
    },
    "1069010": {
        "statId": "1069010",
        "playerId": "91",
        "points": "8"
    },
    "1069011": {
        "statId": "1069011",
        "playerId": "210",
        "points": "24"
    },
    "1069012": {
        "statId": "1069012",
        "playerId": "161",
        "points": "10"
    },
    "1069013": {
        "statId": "1069013",
        "playerId": "53",
        "points": "17"
    },
    "1069014": {
        "statId": "1069014",
        "playerId": "157",
        "points": "5"
    },
    "1069015": {
        "statId": "1069015",
        "playerId": "24",
        "points": "15"
    },
    "1069016": {
        "statId": "1069016",
        "playerId": "235",
        "points": "6"
    },
    "1069017": {
        "statId": "1069017",
        "playerId": "174",
        "points": "1"
    },
    "1069018": {
        "statId": "1069018",
        "playerId": "299",
        "points": "0"
    },
    "1069019": {
        "statId": "1069019",
        "playerId": "309",
        "points": "0"
    },
    "1069020": {
        "statId": "1069020",
        "playerId": "263",
        "points": ""
    },
    "1069021": {
        "statId": "1069021",
        "playerId": "33",
        "points": "7"
    },
    "1069022": {
        "statId": "1069022",
        "playerId": "482",
        "points": "10"
    },
    "1069023": {
        "statId": "1069023",
        "playerId": "48",
        "points": "0"
    },
    "1069024": {
        "statId": "1069024",
        "playerId": "267",
        "points": "14"
    },
    "1069025": {
        "statId": "1069025",
        "playerId": "465",
        "points": "23"
    },
    "1069026": {
        "statId": "1069026",
        "playerId": "207",
        "points": "11"
    },
    "1069027": {
        "statId": "1069027",
        "playerId": "62",
        "points": "15"
    },
    "1069028": {
        "statId": "1069028",
        "playerId": "255",
        "points": "15"
    },
    "1069029": {
        "statId": "1069029",
        "playerId": "180",
        "points": "0"
    },
    "1069030": {
        "statId": "1069030",
        "playerId": "363",
        "points": "14"
    },
    "1069031": {
        "statId": "1069031",
        "playerId": "324",
        "points": "5"
    },
    "1069032": {
        "statId": "1069032",
        "playerId": "23",
        "points": "0"
    },
    "1069033": {
        "statId": "1069033",
        "playerId": "252",
        "points": ""
    },
    "1069034": {
        "statId": "1069034",
        "playerId": "61",
        "points": "15"
    },
    "1069035": {
        "statId": "1069035",
        "playerId": "469",
        "points": "11"
    },
    "1069036": {
        "statId": "1069036",
        "playerId": "22",
        "points": "15"
    },
    "1069037": {
        "statId": "1069037",
        "playerId": "57",
        "points": "30"
    },
    "1069038": {
        "statId": "1069038",
        "playerId": "313",
        "points": "2"
    },
    "1069039": {
        "statId": "1069039",
        "playerId": "355",
        "points": "8"
    },
    "1069040": {
        "statId": "1069040",
        "playerId": "234",
        "points": "7"
    },
    "1069041": {
        "statId": "1069041",
        "playerId": "360",
        "points": "18"
    },
    "1069042": {
        "statId": "1069042",
        "playerId": "217",
        "points": "3"
    },
    "1069043": {
        "statId": "1069043",
        "playerId": "2020",
        "points": "0"
    },
    "1069044": {
        "statId": "1069044",
        "playerId": "13",
        "points": ""
    },
    "1069045": {
        "statId": "1069045",
        "playerId": "43",
        "points": ""
    },
    "1069046": {
        "statId": "1069046",
        "playerId": "116",
        "points": ""
    },
    "1069047": {
        "statId": "1069047",
        "playerId": "184",
        "points": "9"
    },
    "1069048": {
        "statId": "1069048",
        "playerId": "416",
        "points": "10"
    },
    "1069049": {
        "statId": "1069049",
        "playerId": "223",
        "points": "22"
    },
    "1069050": {
        "statId": "1069050",
        "playerId": "458",
        "points": "15"
    },
    "1069051": {
        "statId": "1069051",
        "playerId": "286",
        "points": "16"
    },
    "1069052": {
        "statId": "1069052",
        "playerId": "380",
        "points": "4"
    },
    "1069053": {
        "statId": "1069053",
        "playerId": "325",
        "points": "9"
    },
    "1069054": {
        "statId": "1069054",
        "playerId": "487",
        "points": "10"
    },
    "1069055": {
        "statId": "1069055",
        "playerId": "316",
        "points": "13"
    },
    "1069056": {
        "statId": "1069056",
        "playerId": "2158",
        "points": "0"
    },
    "1069057": {
        "statId": "1069057",
        "playerId": "58",
        "points": "3"
    },
    "1069058": {
        "statId": "1069058",
        "playerId": "274",
        "points": ""
    },
    "11": {
        "statId": "11",
        "playerId": "78",
        "points": ""
    },
    "1069059": {
        "statId": "1069059",
        "playerId": "227",
        "points": "8"
    },
    "1069060": {
        "statId": "1069060",
        "playerId": "265",
        "points": "32"
    },
    "1069061": {
        "statId": "1069061",
        "playerId": "94",
        "points": "6"
    },
    "1069062": {
        "statId": "1069062",
        "playerId": "81",
        "points": "13"
    },
    "1069063": {
        "statId": "1069063",
        "playerId": "27",
        "points": "18"
    },
    "1069064": {
        "statId": "1069064",
        "playerId": "306",
        "points": "4"
    },
    "1069065": {
        "statId": "1069065",
        "playerId": "202",
        "points": "12"
    },
    "1069066": {
        "statId": "1069066",
        "playerId": "39",
        "points": "5"
    },
    "1069067": {
        "statId": "1069067",
        "playerId": "493",
        "points": "26"
    },
    "1069068": {
        "statId": "1069068",
        "playerId": "338",
        "points": "7"
    },
    "1069069": {
        "statId": "1069069",
        "playerId": "431",
        "points": "2"
    },
    "1069070": {
        "statId": "1069070",
        "playerId": "462",
        "points": "5"
    },
    "1069071": {
        "statId": "1069071",
        "playerId": "172",
        "points": "27"
    },
    "1069201": {
        "statId": "1069201",
        "playerId": "298",
        "points": ""
    },
    "1069072": {
        "statId": "1069072",
        "playerId": "182",
        "points": "14"
    },
    "1069073": {
        "statId": "1069073",
        "playerId": "3",
        "points": "17"
    },
    "1069074": {
        "statId": "1069074",
        "playerId": "156",
        "points": "21"
    },
    "1069075": {
        "statId": "1069075",
        "playerId": "472",
        "points": "26"
    },
    "1069076": {
        "statId": "1069076",
        "playerId": "409",
        "points": "9"
    },
    "1069077": {
        "statId": "1069077",
        "playerId": "339",
        "points": "1"
    },
    "1069078": {
        "statId": "1069078",
        "playerId": "365",
        "points": "9"
    },
    "1069079": {
        "statId": "1069079",
        "playerId": "345",
        "points": "4"
    },
    "1069080": {
        "statId": "1069080",
        "playerId": "128",
        "points": "0"
    },
    "1069081": {
        "statId": "1069081",
        "playerId": "155",
        "points": ""
    },
    "1069082": {
        "statId": "1069082",
        "playerId": "288",
        "points": ""
    },
    "1069083": {
        "statId": "1069083",
        "playerId": "79",
        "points": "27"
    },
    "1069084": {
        "statId": "1069084",
        "playerId": "95",
        "points": "10"
    },
    "1069085": {
        "statId": "1069085",
        "playerId": "145",
        "points": "22"
    },
    "1069086": {
        "statId": "1069086",
        "playerId": "389",
        "points": "20"
    },
    "1069087": {
        "statId": "1069087",
        "playerId": "417",
        "points": "11"
    },
    "1069088": {
        "statId": "1069088",
        "playerId": "414",
        "points": "6"
    },
    "1069089": {
        "statId": "1069089",
        "playerId": "304",
        "points": "7"
    },
    "1069090": {
        "statId": "1069090",
        "playerId": "55",
        "points": "6"
    },
    "1069091": {
        "statId": "1069091",
        "playerId": "337",
        "points": "11"
    },
    "1069092": {
        "statId": "1069092",
        "playerId": "260",
        "points": "0"
    },
    "1069093": {
        "statId": "1069093",
        "playerId": "1764",
        "points": ""
    },
    "1069094": {
        "statId": "1069094",
        "playerId": "241",
        "points": ""
    },
    "1069095": {
        "statId": "1069095",
        "playerId": "54",
        "points": "9"
    },
    "1069096": {
        "statId": "1069096",
        "playerId": "489",
        "points": "27"
    },
    "1069097": {
        "statId": "1069097",
        "playerId": "452",
        "points": "8"
    },
    "1069098": {
        "statId": "1069098",
        "playerId": "357",
        "points": "15"
    },
    "1069099": {
        "statId": "1069099",
        "playerId": "103",
        "points": "6"
    },
    "1069100": {
        "statId": "1069100",
        "playerId": "251",
        "points": "8"
    },
    "1069101": {
        "statId": "1069101",
        "playerId": "406",
        "points": "6"
    },
    "1069102": {
        "statId": "1069102",
        "playerId": "150",
        "points": "13"
    },
    "1069103": {
        "statId": "1069103",
        "playerId": "270",
        "points": "2"
    },
    "1069104": {
        "statId": "1069104",
        "playerId": "305",
        "points": "2"
    },
    "1069105": {
        "statId": "1069105",
        "playerId": "213",
        "points": "0"
    },
    "1069106": {
        "statId": "1069106",
        "playerId": "240",
        "points": "0"
    },
    "1069107": {
        "statId": "1069107",
        "playerId": "352",
        "points": ""
    },
    "1069108": {
        "statId": "1069108",
        "playerId": "222",
        "points": "12"
    },
    "1069109": {
        "statId": "1069109",
        "playerId": "297",
        "points": "27"
    },
    "1069110": {
        "statId": "1069110",
        "playerId": "377",
        "points": "10"
    },
    "1069111": {
        "statId": "1069111",
        "playerId": "268",
        "points": "8"
    },
    "1069112": {
        "statId": "1069112",
        "playerId": "139",
        "points": "6"
    },
    "1069113": {
        "statId": "1069113",
        "playerId": "412",
        "points": "0"
    },
    "1069114": {
        "statId": "1069114",
        "playerId": "19",
        "points": "0"
    },
    "1069115": {
        "statId": "1069115",
        "playerId": "284",
        "points": "17"
    },
    "1069116": {
        "statId": "1069116",
        "playerId": "362",
        "points": "15"
    },
    "1069117": {
        "statId": "1069117",
        "playerId": "50",
        "points": "6"
    },
    "1069118": {
        "statId": "1069118",
        "playerId": "154",
        "points": "2"
    },
    "1069119": {
        "statId": "1069119",
        "playerId": "199",
        "points": "2"
    },
    "1069120": {
        "statId": "1069120",
        "playerId": "110",
        "points": "13"
    },
    "1069121": {
        "statId": "1069121",
        "playerId": "318",
        "points": "14"
    },
    "1069122": {
        "statId": "1069122",
        "playerId": "246",
        "points": "18"
    },
    "1069123": {
        "statId": "1069123",
        "playerId": "38",
        "points": "13"
    },
    "1069124": {
        "statId": "1069124",
        "playerId": "335",
        "points": "25"
    },
    "1069125": {
        "statId": "1069125",
        "playerId": "371",
        "points": "8"
    },
    "1069126": {
        "statId": "1069126",
        "playerId": "196",
        "points": "14"
    },
    "1069127": {
        "statId": "1069127",
        "playerId": "330",
        "points": "6"
    },
    "1069128": {
        "statId": "1069128",
        "playerId": "290",
        "points": "12"
    },
    "1069129": {
        "statId": "1069129",
        "playerId": "206",
        "points": "9"
    },
    "1069130": {
        "statId": "1069130",
        "playerId": "289",
        "points": "0"
    },
    "1069131": {
        "statId": "1069131",
        "playerId": "3091",
        "points": "3"
    },
    "1069132": {
        "statId": "1069132",
        "playerId": "259",
        "points": "5"
    },
    "1069133": {
        "statId": "1069133",
        "playerId": "459",
        "points": "13"
    },
    "1069134": {
        "statId": "1069134",
        "playerId": "261",
        "points": "16"
    },
    "1069135": {
        "statId": "1069135",
        "playerId": "191",
        "points": "8"
    },
    "1069202": {
        "statId": "1069202",
        "playerId": "418",
        "points": ""
    },
    "1069136": {
        "statId": "1069136",
        "playerId": "333",
        "points": "25"
    },
    "1069137": {
        "statId": "1069137",
        "playerId": "347",
        "points": "3"
    },
    "1069138": {
        "statId": "1069138",
        "playerId": "134",
        "points": "13"
    },
    "1069139": {
        "statId": "1069139",
        "playerId": "208",
        "points": "0"
    },
    "1069140": {
        "statId": "1069140",
        "playerId": "449",
        "points": "13"
    },
    "1069141": {
        "statId": "1069141",
        "playerId": "399",
        "points": "4"
    },
    "1069142": {
        "statId": "1069142",
        "playerId": "76",
        "points": ""
    },
    "1069143": {
        "statId": "1069143",
        "playerId": "271",
        "points": ""
    },
    "1069144": {
        "statId": "1069144",
        "playerId": "442",
        "points": ""
    },
    "1069145": {
        "statId": "1069145",
        "playerId": "20",
        "points": "12"
    },
    "1069146": {
        "statId": "1069146",
        "playerId": "188",
        "points": "3"
    },
    "1069147": {
        "statId": "1069147",
        "playerId": "74",
        "points": "10"
    },
    "1069148": {
        "statId": "1069148",
        "playerId": "37",
        "points": "26"
    },
    "1069149": {
        "statId": "1069149",
        "playerId": "408",
        "points": "14"
    },
    "1069150": {
        "statId": "1069150",
        "playerId": "386",
        "points": "4"
    },
    "1069151": {
        "statId": "1069151",
        "playerId": "376",
        "points": "20"
    },
    "1069152": {
        "statId": "1069152",
        "playerId": "294",
        "points": "0"
    },
    "1069153": {
        "statId": "1069153",
        "playerId": "121",
        "points": "10"
    },
    "1069154": {
        "statId": "1069154",
        "playerId": "68",
        "points": "2"
    },
    "1069155": {
        "statId": "1069155",
        "playerId": "396",
        "points": ""
    },
    "1069156": {
        "statId": "1069156",
        "playerId": "218",
        "points": "4"
    },
    "1069157": {
        "statId": "1069157",
        "playerId": "359",
        "points": "7"
    },
    "1069158": {
        "statId": "1069158",
        "playerId": "492",
        "points": "15"
    },
    "1069159": {
        "statId": "1069159",
        "playerId": "77",
        "points": "6"
    },
    "1069160": {
        "statId": "1069160",
        "playerId": "413",
        "points": "15"
    },
    "1069161": {
        "statId": "1069161",
        "playerId": "100",
        "points": "13"
    },
    "1069162": {
        "statId": "1069162",
        "playerId": "164",
        "points": "4"
    },
    "1069163": {
        "statId": "1069163",
        "playerId": "123",
        "points": "10"
    },
    "1069164": {
        "statId": "1069164",
        "playerId": "368",
        "points": "14"
    },
    "1069165": {
        "statId": "1069165",
        "playerId": "3090",
        "points": "11"
    },
    "1069166": {
        "statId": "1069166",
        "playerId": "444",
        "points": ""
    },
    "1069167": {
        "statId": "1069167",
        "playerId": "226",
        "points": "9"
    },
    "1069168": {
        "statId": "1069168",
        "playerId": "153",
        "points": "12"
    },
    "1069169": {
        "statId": "1069169",
        "playerId": "176",
        "points": "19"
    },
    "1069170": {
        "statId": "1069170",
        "playerId": "351",
        "points": "16"
    },
    "1069171": {
        "statId": "1069171",
        "playerId": "322",
        "points": "24"
    },
    "1069172": {
        "statId": "1069172",
        "playerId": "112",
        "points": "11"
    },
    "1069173": {
        "statId": "1069173",
        "playerId": "262",
        "points": "7"
    },
    "1069174": {
        "statId": "1069174",
        "playerId": "8",
        "points": "7"
    },
    "1069175": {
        "statId": "1069175",
        "playerId": "344",
        "points": "8"
    },
    "1069176": {
        "statId": "1069176",
        "playerId": "323",
        "points": "0"
    },
    "1069177": {
        "statId": "1069177",
        "playerId": "453",
        "points": "0"
    },
    "1069178": {
        "statId": "1069178",
        "playerId": "93",
        "points": "2"
    },
    "141": {
        "statId": "141",
        "playerId": "144",
        "points": ""
    },
    "142": {
        "statId": "142",
        "playerId": "203",
        "points": ""
    },
    "1069179": {
        "statId": "1069179",
        "playerId": "181",
        "points": "6"
    },
    "1069180": {
        "statId": "1069180",
        "playerId": "264",
        "points": "2"
    },
    "1069181": {
        "statId": "1069181",
        "playerId": "9",
        "points": "6"
    },
    "1069182": {
        "statId": "1069182",
        "playerId": "197",
        "points": "11"
    },
    "1069183": {
        "statId": "1069183",
        "playerId": "405",
        "points": "40"
    },
    "1069184": {
        "statId": "1069184",
        "playerId": "84",
        "points": "10"
    },
    "1069185": {
        "statId": "1069185",
        "playerId": "130",
        "points": "20"
    },
    "1069186": {
        "statId": "1069186",
        "playerId": "216",
        "points": "2"
    },
    "1069187": {
        "statId": "1069187",
        "playerId": "118",
        "points": "8"
    },
    "1069188": {
        "statId": "1069188",
        "playerId": "341",
        "points": "12"
    },
    "1069189": {
        "statId": "1069189",
        "playerId": "152",
        "points": ""
    },
    "1069190": {
        "statId": "1069190",
        "playerId": "229",
        "points": "9"
    },
    "1069191": {
        "statId": "1069191",
        "playerId": "177",
        "points": "23"
    },
    "1069192": {
        "statId": "1069192",
        "playerId": "460",
        "points": "16"
    },
    "1069193": {
        "statId": "1069193",
        "playerId": "160",
        "points": "16"
    },
    "1069194": {
        "statId": "1069194",
        "playerId": "21",
        "points": "17"
    },
    "1069195": {
        "statId": "1069195",
        "playerId": "230",
        "points": "6"
    },
    "1069196": {
        "statId": "1069196",
        "playerId": "402",
        "points": "13"
    },
    "1069197": {
        "statId": "1069197",
        "playerId": "63",
        "points": "6"
    },
    "1069198": {
        "statId": "1069198",
        "playerId": "28",
        "points": "9"
    },
    "1069199": {
        "statId": "1069199",
        "playerId": "46",
        "points": ""
    },
    "1069200": {
        "statId": "1069200",
        "playerId": "183",
        "points": ""
    },
    "1069203": {
        "statId": "1069203",
        "playerId": "140",
        "points": "24"
    },
    "1069204": {
        "statId": "1069204",
        "playerId": "185",
        "points": "7"
    },
    "1069205": {
        "statId": "1069205",
        "playerId": "107",
        "points": "14"
    },
    "1069206": {
        "statId": "1069206",
        "playerId": "443",
        "points": "12"
    },
    "1069207": {
        "statId": "1069207",
        "playerId": "115",
        "points": "28"
    },
    "1069208": {
        "statId": "1069208",
        "playerId": "282",
        "points": "5"
    },
    "1069209": {
        "statId": "1069209",
        "playerId": "224",
        "points": "7"
    },
    "1069210": {
        "statId": "1069210",
        "playerId": "308",
        "points": "2"
    },
    "1069211": {
        "statId": "1069211",
        "playerId": "280",
        "points": "2"
    },
    "1069212": {
        "statId": "1069212",
        "playerId": "106",
        "points": "5"
    },
    "1069213": {
        "statId": "1069213",
        "playerId": "239",
        "points": "0"
    },
    "1069214": {
        "statId": "1069214",
        "playerId": "41",
        "points": "6"
    },
    "1069215": {
        "statId": "1069215",
        "playerId": "200",
        "points": "28"
    },
    "1069216": {
        "statId": "1069216",
        "playerId": "167",
        "points": "1"
    },
    "1069217": {
        "statId": "1069217",
        "playerId": "179",
        "points": "6"
    },
    "1069218": {
        "statId": "1069218",
        "playerId": "59",
        "points": "6"
    },
    "1069219": {
        "statId": "1069219",
        "playerId": "175",
        "points": "24"
    },
    "1069220": {
        "statId": "1069220",
        "playerId": "194",
        "points": "4"
    },
    "1069221": {
        "statId": "1069221",
        "playerId": "466",
        "points": "4"
    },
    "1069222": {
        "statId": "1069222",
        "playerId": "45",
        "points": "4"
    },
    "1069223": {
        "statId": "1069223",
        "playerId": "410",
        "points": "5"
    },
    "1069224": {
        "statId": "1069224",
        "playerId": "398",
        "points": "4"
    },
    "1069225": {
        "statId": "1069225",
        "playerId": "445",
        "points": "1"
    },
    "1069226": {
        "statId": "1069226",
        "playerId": "296",
        "points": "0"
    },
    "1069227": {
        "statId": "1069227",
        "playerId": "331",
        "points": "7"
    },
    "1069228": {
        "statId": "1069228",
        "playerId": "171",
        "points": "22"
    },
    "1069229": {
        "statId": "1069229",
        "playerId": "6",
        "points": "25"
    },
    "1069230": {
        "statId": "1069230",
        "playerId": "170",
        "points": "3"
    },
    "1069231": {
        "statId": "1069231",
        "playerId": "473",
        "points": "15"
    },
    "1069232": {
        "statId": "1069232",
        "playerId": "159",
        "points": "10"
    },
    "1069233": {
        "statId": "1069233",
        "playerId": "44",
        "points": "11"
    },
    "1069234": {
        "statId": "1069234",
        "playerId": "319",
        "points": "3"
    },
    "1069235": {
        "statId": "1069235",
        "playerId": "40",
        "points": "19"
    },
    "1069236": {
        "statId": "1069236",
        "playerId": "373",
        "points": "4"
    },
    "1069237": {
        "statId": "1069237",
        "playerId": "113",
        "points": "4"
    },
    "1069238": {
        "statId": "1069238",
        "playerId": "125",
        "points": ""
    },
    "1069239": {
        "statId": "1069239",
        "playerId": "314",
        "points": ""
    },
    "1069240": {
        "statId": "1069240",
        "playerId": "374",
        "points": ""
    },
    "1069241": {
        "statId": "1069241",
        "playerId": "475",
        "points": "17"
    },
    "1069242": {
        "statId": "1069242",
        "playerId": "173",
        "points": "14"
    },
    "1069243": {
        "statId": "1069243",
        "playerId": "447",
        "points": "23"
    },
    "1069244": {
        "statId": "1069244",
        "playerId": "356",
        "points": "10"
    },
    "1069245": {
        "statId": "1069245",
        "playerId": "435",
        "points": "15"
    },
    "1069246": {
        "statId": "1069246",
        "playerId": "407",
        "points": "2"
    },
    "1069247": {
        "statId": "1069247",
        "playerId": "401",
        "points": "23"
    },
    "1069248": {
        "statId": "1069248",
        "playerId": "129",
        "points": "5"
    },
    "1069249": {
        "statId": "1069249",
        "playerId": "446",
        "points": "2"
    },
    "1069250": {
        "statId": "1069250",
        "playerId": "34",
        "points": "2"
    },
    "1069251": {
        "statId": "1069251",
        "playerId": "32",
        "points": ""
    },
    "1069252": {
        "statId": "1069252",
        "playerId": "124",
        "points": ""
    },
    "1069253": {
        "statId": "1069253",
        "playerId": "478",
        "points": ""
    },
    "1069254": {
        "statId": "1069254",
        "playerId": "326",
        "points": "17"
    },
    "1069255": {
        "statId": "1069255",
        "playerId": "387",
        "points": "19"
    },
    "1069256": {
        "statId": "1069256",
        "playerId": "117",
        "points": "27"
    },
    "1069257": {
        "statId": "1069257",
        "playerId": "214",
        "points": "20"
    },
    "1069258": {
        "statId": "1069258",
        "playerId": "369",
        "points": "4"
    },
    "1069259": {
        "statId": "1069259",
        "playerId": "163",
        "points": "5"
    },
    "1069260": {
        "statId": "1069260",
        "playerId": "317",
        "points": "5"
    },
    "1069261": {
        "statId": "1069261",
        "playerId": "321",
        "points": "13"
    },
    "1069262": {
        "statId": "1069262",
        "playerId": "233",
        "points": "2"
    },
    "1069263": {
        "statId": "1069263",
        "playerId": "354",
        "points": "0"
    },
    "1069264": {
        "statId": "1069264",
        "playerId": "99",
        "points": ""
    },
    "1069265": {
        "statId": "1069265",
        "playerId": "212",
        "points": ""
    },
    "1069266": {
        "statId": "1069266",
        "playerId": "245",
        "points": ""
    },
    "1069267": {
        "statId": "1069267",
        "playerId": "193",
        "points": "12"
    },
    "1069268": {
        "statId": "1069268",
        "playerId": "10",
        "points": "15"
    },
    "12526": {
        "statId": "12526",
        "playerId": "423",
        "points": ""
    },
    "1069269": {
        "statId": "1069269",
        "playerId": "349",
        "points": "15"
    },
    "1069270": {
        "statId": "1069270",
        "playerId": "303",
        "points": "20"
    },
    "1069271": {
        "statId": "1069271",
        "playerId": "278",
        "points": "24"
    },
    "1069272": {
        "statId": "1069272",
        "playerId": "451",
        "points": "7"
    },
    "1069273": {
        "statId": "1069273",
        "playerId": "102",
        "points": "8"
    },
    "1069274": {
        "statId": "1069274",
        "playerId": "114",
        "points": "2"
    },
    "1069275": {
        "statId": "1069275",
        "playerId": "269",
        "points": "20"
    },
    "1069276": {
        "statId": "1069276",
        "playerId": "275",
        "points": "5"
    },
    "1069277": {
        "statId": "1069277",
        "playerId": "3089",
        "points": "0"
    },
    "1069278": {
        "statId": "1069278",
        "playerId": "419",
        "points": "0"
    },
    "1069279": {
        "statId": "1069279",
        "playerId": "429",
        "points": ""
    },
    "1069280": {
        "statId": "1069280",
        "playerId": "307",
        "points": "11"
    },
    "1069281": {
        "statId": "1069281",
        "playerId": "242",
        "points": "7"
    },
    "1069282": {
        "statId": "1069282",
        "playerId": "474",
        "points": "8"
    },
    "1069283": {
        "statId": "1069283",
        "playerId": "485",
        "points": "15"
    },
    "1069284": {
        "statId": "1069284",
        "playerId": "244",
        "points": "16"
    },
    "1069285": {
        "statId": "1069285",
        "playerId": "4",
        "points": "9"
    },
    "1069286": {
        "statId": "1069286",
        "playerId": "461",
        "points": "20"
    },
    "1069287": {
        "statId": "1069287",
        "playerId": "463",
        "points": "2"
    },
    "1069288": {
        "statId": "1069288",
        "playerId": "247",
        "points": "2"
    },
    "1069289": {
        "statId": "1069289",
        "playerId": "358",
        "points": "3"
    },
    "1069290": {
        "statId": "1069290",
        "playerId": "144",
        "points": "0"
    },
    "1069291": {
        "statId": "1069291",
        "playerId": "203",
        "points": ""
    },
    "1069292": {
        "statId": "1069292",
        "playerId": "391",
        "points": ""
    },
    "1069293": {
        "statId": "1069293",
        "playerId": "75",
        "points": "19"
    },
    "1069294": {
        "statId": "1069294",
        "playerId": "189",
        "points": "32"
    },
    "1069295": {
        "statId": "1069295",
        "playerId": "137",
        "points": "0"
    },
    "1069296": {
        "statId": "1069296",
        "playerId": "69",
        "points": "2"
    },
    "1069297": {
        "statId": "1069297",
        "playerId": "236",
        "points": "9"
    },
    "1069298": {
        "statId": "1069298",
        "playerId": "422",
        "points": "0"
    },
    "1069299": {
        "statId": "1069299",
        "playerId": "361",
        "points": "2"
    },
    "1069300": {
        "statId": "1069300",
        "playerId": "168",
        "points": "0"
    },
    "1069301": {
        "statId": "1069301",
        "playerId": "254",
        "points": "22"
    },
    "1069302": {
        "statId": "1069302",
        "playerId": "80",
        "points": "0"
    },
    "1069303": {
        "statId": "1069303",
        "playerId": "243",
        "points": "12"
    },
    "1069304": {
        "statId": "1069304",
        "playerId": "395",
        "points": ""
    },
    "1069305": {
        "statId": "1069305",
        "playerId": "441",
        "points": ""
    },
    "1069306": {
        "statId": "1069306",
        "playerId": "436",
        "points": "8"
    },
    "1069307": {
        "statId": "1069307",
        "playerId": "231",
        "points": "23"
    },
    "1069308": {
        "statId": "1069308",
        "playerId": "169",
        "points": "4"
    },
    "1069309": {
        "statId": "1069309",
        "playerId": "215",
        "points": "14"
    },
    "1069310": {
        "statId": "1069310",
        "playerId": "104",
        "points": "26"
    },
    "1069311": {
        "statId": "1069311",
        "playerId": "90",
        "points": "12"
    },
    "1069312": {
        "statId": "1069312",
        "playerId": "291",
        "points": "15"
    },
    "1069313": {
        "statId": "1069313",
        "playerId": "187",
        "points": "12"
    },
    "1069314": {
        "statId": "1069314",
        "playerId": "87",
        "points": "0"
    },
    "1069315": {
        "statId": "1069315",
        "playerId": "1771",
        "points": "2"
    },
    "1069316": {
        "statId": "1069316",
        "playerId": "385",
        "points": ""
    },
    "1069317": {
        "statId": "1069317",
        "playerId": "470",
        "points": ""
    },
    "1069318": {
        "statId": "1069318",
        "playerId": "434",
        "points": "2"
    },
    "1069319": {
        "statId": "1069319",
        "playerId": "328",
        "points": "8"
    },
    "1069320": {
        "statId": "1069320",
        "playerId": "219",
        "points": "18"
    },
    "1069321": {
        "statId": "1069321",
        "playerId": "420",
        "points": "20"
    },
    "1069322": {
        "statId": "1069322",
        "playerId": "228",
        "points": "38"
    },
    "1069323": {
        "statId": "1069323",
        "playerId": "204",
        "points": "8"
    },
    "1069324": {
        "statId": "1069324",
        "playerId": "70",
        "points": "12"
    },
    "1069325": {
        "statId": "1069325",
        "playerId": "403",
        "points": "10"
    },
    "1069326": {
        "statId": "1069326",
        "playerId": "35",
        "points": "6"
    },
    "325": {
        "statId": "325",
        "playerId": "134",
        "points": ""
    },
    "1069327": {
        "statId": "1069327",
        "playerId": "488",
        "points": "0"
    },
    "1069328": {
        "statId": "1069328",
        "playerId": "439",
        "points": "0"
    },
    "1069329": {
        "statId": "1069329",
        "playerId": "353",
        "points": ""
    },
    "1069330": {
        "statId": "1069330",
        "playerId": "468",
        "points": ""
    },
    "1069331": {
        "statId": "1069331",
        "playerId": "172",
        "points": "31"
    },
    "1069332": {
        "statId": "1069332",
        "playerId": "182",
        "points": "10"
    },
    "1069333": {
        "statId": "1069333",
        "playerId": "3",
        "points": "16"
    },
    "1069334": {
        "statId": "1069334",
        "playerId": "156",
        "points": "11"
    },
    "1069335": {
        "statId": "1069335",
        "playerId": "472",
        "points": "21"
    },
    "1069336": {
        "statId": "1069336",
        "playerId": "345",
        "points": "4"
    },
    "1069337": {
        "statId": "1069337",
        "playerId": "409",
        "points": "21"
    },
    "1069338": {
        "statId": "1069338",
        "playerId": "339",
        "points": "3"
    },
    "1069339": {
        "statId": "1069339",
        "playerId": "365",
        "points": "0"
    },
    "1069340": {
        "statId": "1069340",
        "playerId": "128",
        "points": "0"
    },
    "1069341": {
        "statId": "1069341",
        "playerId": "155",
        "points": ""
    },
    "1069342": {
        "statId": "1069342",
        "playerId": "288",
        "points": ""
    },
    "1069343": {
        "statId": "1069343",
        "playerId": "79",
        "points": "18"
    },
    "1069344": {
        "statId": "1069344",
        "playerId": "95",
        "points": "4"
    },
    "1069345": {
        "statId": "1069345",
        "playerId": "145",
        "points": "31"
    },
    "1069346": {
        "statId": "1069346",
        "playerId": "389",
        "points": "22"
    },
    "1069347": {
        "statId": "1069347",
        "playerId": "417",
        "points": "20"
    },
    "1069348": {
        "statId": "1069348",
        "playerId": "414",
        "points": "9"
    },
    "1069349": {
        "statId": "1069349",
        "playerId": "304",
        "points": "2"
    },
    "1069350": {
        "statId": "1069350",
        "playerId": "55",
        "points": "3"
    },
    "1069351": {
        "statId": "1069351",
        "playerId": "337",
        "points": "6"
    },
    "1069352": {
        "statId": "1069352",
        "playerId": "1764",
        "points": ""
    },
    "1069353": {
        "statId": "1069353",
        "playerId": "241",
        "points": ""
    },
    "1069354": {
        "statId": "1069354",
        "playerId": "260",
        "points": ""
    },
    "1069355": {
        "statId": "1069355",
        "playerId": "218",
        "points": "18"
    },
    "1069356": {
        "statId": "1069356",
        "playerId": "359",
        "points": "17"
    },
    "1069357": {
        "statId": "1069357",
        "playerId": "492",
        "points": "23"
    },
    "1069358": {
        "statId": "1069358",
        "playerId": "368",
        "points": "0"
    },
    "1069359": {
        "statId": "1069359",
        "playerId": "413",
        "points": "10"
    },
    "1069360": {
        "statId": "1069360",
        "playerId": "3090",
        "points": "2"
    },
    "1069361": {
        "statId": "1069361",
        "playerId": "100",
        "points": "13"
    },
    "1069362": {
        "statId": "1069362",
        "playerId": "164",
        "points": "0"
    },
    "1069363": {
        "statId": "1069363",
        "playerId": "77",
        "points": "8"
    },
    "1069364": {
        "statId": "1069364",
        "playerId": "123",
        "points": "8"
    },
    "1069365": {
        "statId": "1069365",
        "playerId": "3450",
        "points": "3"
    },
    "1069366": {
        "statId": "1069366",
        "playerId": "110",
        "points": "5"
    },
    "1069367": {
        "statId": "1069367",
        "playerId": "318",
        "points": "14"
    },
    "1069368": {
        "statId": "1069368",
        "playerId": "246",
        "points": "19"
    },
    "1069369": {
        "statId": "1069369",
        "playerId": "38",
        "points": "13"
    },
    "1069370": {
        "statId": "1069370",
        "playerId": "335",
        "points": "26"
    },
    "1069371": {
        "statId": "1069371",
        "playerId": "371",
        "points": "5"
    },
    "1069372": {
        "statId": "1069372",
        "playerId": "196",
        "points": "4"
    },
    "1069373": {
        "statId": "1069373",
        "playerId": "31",
        "points": "5"
    },
    "1069374": {
        "statId": "1069374",
        "playerId": "330",
        "points": "15"
    },
    "1069375": {
        "statId": "1069375",
        "playerId": "290",
        "points": "16"
    },
    "1069376": {
        "statId": "1069376",
        "playerId": "289",
        "points": "2"
    },
    "1069377": {
        "statId": "1069377",
        "playerId": "3091",
        "points": "0"
    },
    "1069378": {
        "statId": "1069378",
        "playerId": "206",
        "points": ""
    },
    "1069379": {
        "statId": "1069379",
        "playerId": "30",
        "points": "20"
    },
    "1069380": {
        "statId": "1069380",
        "playerId": "257",
        "points": "3"
    },
    "1069381": {
        "statId": "1069381",
        "playerId": "250",
        "points": "15"
    },
    "1069382": {
        "statId": "1069382",
        "playerId": "301",
        "points": "17"
    },
    "1069383": {
        "statId": "1069383",
        "playerId": "132",
        "points": "8"
    },
    "1069384": {
        "statId": "1069384",
        "playerId": "73",
        "points": "12"
    },
    "1069385": {
        "statId": "1069385",
        "playerId": "158",
        "points": "7"
    },
    "1069386": {
        "statId": "1069386",
        "playerId": "346",
        "points": "0"
    },
    "1069387": {
        "statId": "1069387",
        "playerId": "379",
        "points": "11"
    },
    "403": {
        "statId": "403",
        "playerId": "26",
        "points": ""
    },
    "1069388": {
        "statId": "1069388",
        "playerId": "195",
        "points": "2"
    },
    "1069389": {
        "statId": "1069389",
        "playerId": "64",
        "points": "0"
    },
    "1069390": {
        "statId": "1069390",
        "playerId": "292",
        "points": "2"
    },
    "1069391": {
        "statId": "1069391",
        "playerId": "312",
        "points": "2"
    },
    "1069392": {
        "statId": "1069392",
        "playerId": "54",
        "points": "9"
    },
    "1069393": {
        "statId": "1069393",
        "playerId": "489",
        "points": "8"
    },
    "1069394": {
        "statId": "1069394",
        "playerId": "452",
        "points": "12"
    },
    "1069395": {
        "statId": "1069395",
        "playerId": "357",
        "points": "12"
    },
    "1069396": {
        "statId": "1069396",
        "playerId": "103",
        "points": "16"
    },
    "1069397": {
        "statId": "1069397",
        "playerId": "406",
        "points": "16"
    },
    "1069398": {
        "statId": "1069398",
        "playerId": "150",
        "points": "19"
    },
    "12781": {
        "statId": "12781",
        "playerId": "218",
        "points": ""
    },
    "1069399": {
        "statId": "1069399",
        "playerId": "305",
        "points": "9"
    },
    "1069400": {
        "statId": "1069400",
        "playerId": "251",
        "points": "8"
    }
}