,playerId,firstName,lastName,teamId
0,14,Ike,Anigbogu,12
1,679,Sean,Green,12
2,700,Dale,Davis,12
3,756,Malik,Sealy,12
4,833,Antonio,Davis,12
5,839,Scott,Haskin,12
6,25,Ron,Baker,20
7,655,Greg,Anthony,20
8,683,Carlton,McKinney,20
9,704,Patrick,Eddie,20
10,757,Hubert,Davis,20
11,775,Eric,Anderson,20
12,47,Jabari,Bird,2
13,494,Michael,Smith,2
14,669,John,Bagley,2
15,670,Rick,Fox,2
16,781,Marcus,Webb,2
17,807,Acie,Earl,2
18,808,Dino,Radja,2
19,838,Matt,Wenstrom,2
20,67,MarShon,Brooks,15
21,90,Omri,Casspi,15
22,430,DJ,Stephens,15
23,71,Lorenzo,Brown,28
24,392,Malachi,Richardson,28
25,1,Alex,Abrines,21
26,119,Tyler,Davis,21
27,686,Marty,Conlon,21
28,687,Rich,King,21
29,842,Ervin,Johnson,21
30,858,Chris,King,21
31,869,Alphonso,Ford,21
32,149,Keenan,Evans,9
33,281,Zach,Lofton,9
34,498,John,Salley,9
35,513,Joe,Dumars,9
36,533,Bill,Laimbeer,9
37,534,William,Bedford,9
38,552,Dennis,Rodman,9
39,567,Isiah,Thomas,9
40,581,James,Edwards,9
41,595,Lance,Blanks,9
42,610,Vinnie,Johnson,9
43,626,Scott,Hastings,9
44,667,Charles,Thomas,9
45,688,Brad,Sellers,9
46,707,Bob,McCann,9
47,773,Isaiah,Morris,9
48,791,Melvin,Newbern,9
49,834,Allan,Houston,9
50,835,Lindsey,Hunter,9
51,862,Ben,Coleman,9
52,179,Marcin,Gortat,13
53,437,Milos,Teodosic,13
54,647,Elliot,Perry,13
55,690,Lanard,Copeland,13
56,691,LeRon,Ellis,13
57,705,David,Rivers,13
58,743,Elmore,Spencer,13
59,769,Randy,Woods,13
60,790,Duane,Washington,13
61,813,Terry,Dehere,13
62,844,Bob,Martin,13
63,860,Harold,Ellis,13
64,866,Bo,Outlaw,13
65,1593,Andrew,Bogut,10
66,507,Steve,Johnson,10
67,526,Tom,Tolbert,10
68,544,Sarunas,Marciulionis,10
69,562,Rod,Higgins,10
70,576,Tim,Hardaway,10
71,590,Alton,Lister,10
72,604,Mitch,Richmond,10
73,620,Tyrone,Hill,10
74,637,Kevin,Pritchard,10
75,662,Chris,Gatling,10
76,663,Victor,Alexander,10
77,684,Billy,Owens,10
78,716,Jaren,Jackson,10
79,748,Byron,Houston,10
80,749,Keith,Jennings,10
81,750,Latrell,Sprewell,10
82,794,Barry,Stevens,10
83,796,Pat,Durham,10
84,802,Josh,Grant,10
85,847,Chris,Webber,10
86,853,Dell,Demps,10
87,241,Amir,Johnson,23
88,665,Mitchell,Wiggins,23
89,666,Tharon,Mayes,23
90,694,Charles,Shackleford,23
91,712,Jeff,Ruland,23
92,737,Clar.,Weatherspoon,23
93,797,Thomas,Jordan,23
94,817,Michael,Curry,23
95,818,Shawn,Bradley,23
96,819,Warren,Kidd,23
97,841,Greg,Graham,23
98,867,Bill,Edwards,23
99,256,George,King,24
100,501,Kevin,Johnson,24
101,516,Dan,Majerle,24
102,517,Tom,Chambers,24
103,538,Mark,West,24
104,555,Cedric,Ceballos,24
105,556,Tim,Perry,24
106,570,Kenny,Battle,24
107,584,Ian,Lockhart,24
108,598,Jeff,Hornacek,24
109,613,Ed,Nealy,24
110,631,Kurt,Rambis,24
111,719,Steve,Burtt,24
112,761,Oliver,Miller,24
113,767,Alex,Stivrins,24
114,768,Frank,Johnson,24
115,776,Tim,Kempton,24
116,785,Richard,Dumas,24
117,861,Malcolm,Mackey,24
118,263,Kosta,Koufos,26
119,388,Zach,Randolph,26
120,645,Pete,Chilcutt,26
121,646,Randy,Brown,26
122,674,Carl,Thomas,26
123,732,Walt,Williams,26
124,777,Stan,Kimbrough,26
125,803,Bobby,Hurley,26
126,804,Mike,Peplowski,26
127,854,Evers,Burns,26
128,348,James,Nunnally,18
129,504,Randy,Breuer,18
130,521,Doug,West,18
131,522,Tony,Campbell,18
132,541,Richard,Coffey,18
133,559,Scott,Brooks,18
134,573,Pooh,Richardson,18
135,587,Gerald,Glass,18
136,601,Tod,Murphy,18
137,616,Felton,Spencer,18
138,617,Tyrone,Corbin,18
139,634,Sam,Mitchell,18
140,657,Tellis,Frank,18
141,699,Myron,Brown,18
142,706,Luc,Longley,18
143,739,Chris,Smith,18
144,740,Christian,Laettner,18
145,741,Gundars,Vetra,18
146,783,Marlon,Maxey,18
147,836,Brian,Davis,18
148,837,Isaiah,Rider,18
149,856,Stanley,Jackson,18
150,870,Andres,Guibert,18
151,382,Billy,Preston,6
152,495,John,Morton,6
153,510,Larry,Nance,6
154,529,Mark,Price,6
155,548,Winston,Bennett,6
156,648,Jimmy,Oliver,6
157,649,Terrell,Brandon,6
158,724,Bobby,Phills,6
159,778,Jay,Guidinger,6
160,809,Chris,Mills,6
161,840,Gerald,Madkins,6
162,846,Sedric,Toney,6
163,384,Zhou,Qi,11
164,503,Kenny,Smith,11
165,519,Adrian,Caldwell,11
166,520,Vernon,Maxwell,11
167,540,Hakeem,Olajuwon,11
168,558,Dave,Jamerson,11
169,572,Larry,Smith,11
170,586,Otis,Thorpe,11
171,600,Dave,Feitl,11
172,615,Sleepy,Floyd,11
173,633,David,Wood,11
174,641,Matt,Bullard,11
175,693,John,Turner,11
176,698,Carl,Herrera,11
177,738,Robert,Horry,11
178,829,Eric,Riley,11
179,830,Sam,Cassell,11
180,849,Richard,Petruska,11
181,448,Gary,Trent Jr.,25
182,502,Danny,Ainge,25
183,518,Alaa,Abdelnaby,25
184,539,Clifford,Robinson,25
185,557,Buck,Williams,25
186,571,Danny,Young,25
187,585,Kevin,Duckworth,25
188,599,Jerome,Kersey,25
189,614,Wayne,Cooper,25
190,632,Clyde,Drexler,25
191,668,Robert,Pack,25
192,714,Lamont,Strothers,25
193,717,Ennis,Whatley,25
194,763,Dave,Johnson,25
195,764,Reggie,Smith,25
196,765,Tracy,Murray,25
197,814,James,Robinson,25
198,850,Kevin,Thompson,25
199,496,Howard,Wright,1
200,511,Duane,Ferrell,1
201,530,Dominique,Wilkins,1
202,549,Doc,Rivers,1
203,550,Tim,McCormick,1
204,565,John,Battle,1
205,579,Kevin,Willis,1
206,593,Moses,Malone,1
207,608,Rumeal,Robinson,1
208,624,Sidney,Moncrief,1
209,672,Alexander,Volkov,1
210,673,Stacey,Augmon,1
211,689,Rodney,Monroe,1
212,696,Paul,Graham,1
213,736,Adam,Keefe,1
214,787,Andre,Spencer,1
215,845,Ricky,Grace,1
216,859,Doug,Edwards,1
217,497,Michael,Ansley,22
218,512,Nick,Anderson,22
219,531,Dennis,Scott,22
220,532,Terry,Catledge,22
221,551,Scott,Skiles,22
222,566,Sam,Vincent,22
223,580,Otis,Smith,22
224,594,Mark,Acres,22
225,609,Greg,Kite,22
226,625,Jeff,Turner,22
227,676,Stanley,Roberts,22
228,702,Bison,Dele,22
229,709,Anthony,Bowie,22
230,710,Chris,Corchiani,22
231,711,Stephen,Thompson,22
232,735,Shaquille,O'Neal,22
233,770,Litterial,Green,22
234,799,Anfernee,Hardaway,22
235,800,Keith,Tower,22
236,499,Dan,Schayes,17
237,514,Jay,Humphries,17
238,535,Ricky,Pierce,17
239,553,Greg,Anderson,17
240,568,Brad,Lohaus,17
241,582,Frank,Brickowski,17
242,596,Jeff,Grayer,17
243,611,Jack,Sikma,17
244,627,Alvin,Robertson,17
245,628,Steve,Henson,17
246,644,Larry,Krystkowiak,17
247,725,Anthony,Avent,17
248,726,Lee,Mayberry,17
249,727,Todd,Day,17
250,755,Anthony,Pullard,17
251,784,Jon,Barry,17
252,810,Vin,Baker,17
253,500,Mark,Eaton,29
254,515,Darrell,Griffith,29
255,536,Blue,Edwards,29
256,537,Walter,Palmer,29
257,554,Jeff,Malone,29
258,569,Mike,Brown,29
259,583,Karl,Malone,29
260,597,Chris,Munk,29
261,612,Delaney,Rudd,29
262,629,Andy,Toolson,29
263,630,Thurl,Bailey,29
264,658,David,Benoit,29
265,680,Corey,Crowder,29
266,681,Eric,Murdock,29
267,746,John,Crotty,29
268,747,Stephen,Howard,29
269,823,Bryon,Russell,29
270,824,Luther,Wright,29
271,855,Aaron,Williams,29
272,865,Chad,Gallagher,29
273,505,Herb,Williams,7
274,523,Roy,Tarpley,7
275,542,James,Donaldson,7
276,560,Rolando,Blackman,7
277,574,Derek,Harper,7
278,588,Alex,English,7
279,602,Lafayette,Lever,7
280,635,Rodney,McCray,7
281,652,Donald,Hodge,7
282,653,Joao,Vianna,7
283,654,Mike,Iuzzolino,7
284,685,Doug,Smith,7
285,715,Tracy,Moore,7
286,718,Brian,Howard,7
287,758,Sean,Rooks,7
288,759,Walter,Bond,7
289,786,Radisav,Curcic,7
290,788,Dexter,Cambridge,7
291,793,Jim,Jackson,7
292,825,Darren,Morningstar,7
293,826,Jamal,Mashburn,7
294,827,Lucious,Harris,7
295,828,Popeye,Jones,7
296,506,Joe,Wolf,8
297,524,Anthony,Cook,8
298,525,Todd,Lichti,8
299,543,Jerome,Lane,8
300,561,Avery,Johnson,8
301,575,Michael,Adams,8
302,589,T.R.,Dunn,8
303,603,Corey,Gaines,8
304,618,Marcus,Liberty,8
305,619,Walter,Davis,8
306,636,Blair,Rasmussen,8
307,660,Dikembe,Mutombo,8
308,661,Mark,Macon,8
309,682,Kevin,Brooks,8
310,751,Bryant,Stith,8
311,752,LaPhonso,Ellis,8
312,766,Robert,Werdann,8
313,779,Gary,Plummer,8
314,805,Darnell,Mee,8
315,806,Rodney,Rogers,8
316,851,Adonis,Jordan,8
317,863,Roy,Marble,8
318,508,Glen,Rice,16
319,527,Billy,Thompson,16
320,545,Grant,Long,16
321,546,Willie,Burton,16
322,563,Jon,Sundvold,16
323,577,Bimbo,Coles,16
324,591,Sherman,Douglas,16
325,605,Kevin,Edwards,16
326,621,Alec,Kessler,16
327,622,Terry,Davis,16
328,638,Milt,Wagner,16
329,642,Alan,Ogg,16
330,675,Steven,Smith,16
331,760,Harold,Miner,16
332,780,Matt,Geiger,16
333,798,Gary,Alexander,16
334,509,Greg,Foster,30
335,528,Byron,Irvin,30
336,547,Mark,Alarie,30
337,564,A.J.,English,30
338,578,Darrell,Walker,30
339,592,Charles,Jones,30
340,606,Haywoode,Workman,30
341,607,Tom,Hammonds,30
342,623,Larry,Robinson,30
343,639,Bernard,King,30
344,656,Albert,King,30
345,692,Larry,Stewart,30
346,701,Labradford,Smith,30
347,723,Derek,Strong,30
348,729,Brent,Price,30
349,730,Don,MacLean,30
350,731,Tom,Gugliotta,30
351,774,Doug,Overton,30
352,820,Calbert,Cheaney,30
353,821,Mitchell,Butler,30
354,822,Tito,Horford,30
355,848,Gheorghe,Muresan,30
356,868,Andrew,Gaze,30
357,640,Roy,Hinson,3
358,677,Doug,Lee,3
359,678,Rafael,Addison,3
360,697,Kenny,Anderson,3
361,831,P.J.,Brown,3
362,832,Rex,Walters,3
363,857,David,Wesley,3
364,643,Kevin,Lynch,4
365,671,Larry,Johnson,4
366,713,Ronnie,Grandison,4
367,720,Cedric,Hunter,4
368,728,Tony,Bennett,4
369,762,Lorenzo,Williams,4
370,771,Alonzo,Mourning,4
371,852,Scott,Burrell,4
372,650,Greg,Sutton,27
373,651,Tom,Copa,27
374,708,Donald,Royal,27
375,721,Stephen,Bardo,27
376,733,Lloyd,Daniels,27
377,734,Vinny,Del Negro,27
378,753,Matt,Othick,27
379,754,Sam,Mack,27
380,801,Chris,Whitney,27
381,659,Demetrius,Calip,14
382,695,Keith,Owens,14
383,722,Cliff,T. Robinson,14
384,744,Anthony,Peeler,14
385,745,Duane,Cooper,14
386,772,Alex,Blackwell,14
387,795,Doug,Christie,14
388,811,Antonio,Harvey,14
389,812,Nick,Van Exel,14
390,843,George,Lynch,14
391,864,Reggie,Jordan,14
392,664,Mark,Randall,5
393,703,Chuck,Nevitt,5
394,742,Corey,Williams,5
395,782,Jojo,English,5
396,789,Joe,Courtney,5
397,792,Ricky,Blanton,5
398,815,Corie,Blount,5
399,816,Toni,Kukoc,5
