,id,playerId,firstName,lastName,teamId,city,conference,division,full_name,name
0,12.00,14.00,Ike,Anigbogu,12.00,Indiana,East,Central,Indiana Pacers,Pacers
1,12.00,679.00,Sean,Green,12.00,Indiana,East,Central,Indiana Pacers,Pacers
2,12.00,700.00,Dale,Davis,12.00,Indiana,East,Central,Indiana Pacers,Pacers
3,12.00,756.00,Malik,Sealy,12.00,Indiana,East,Central,Indiana Pacers,Pacers
4,12.00,833.00,Antonio,Davis,12.00,Indiana,East,Central,Indiana Pacers,Pacers
5,12.00,839.00,Scott,Haskin,12.00,Indiana,East,Central,Indiana Pacers,Pacers
6,20.00,25.00,Ron,Baker,20.00,New York,East,Atlantic,New York Knicks,Knicks
7,20.00,655.00,Greg,Anthony,20.00,New York,East,Atlantic,New York Knicks,Knicks
8,20.00,683.00,Carlton,McKinney,20.00,New York,East,Atlantic,New York Knicks,Knicks
9,20.00,704.00,Patrick,Eddie,20.00,New York,East,Atlantic,New York Knicks,Knicks
10,20.00,757.00,Hubert,Davis,20.00,New York,East,Atlantic,New York Knicks,Knicks
11,20.00,775.00,Eric,Anderson,20.00,New York,East,Atlantic,New York Knicks,Knicks
12,2.00,47.00,Jabari,Bird,2.00,Boston,East,Atlantic,Boston Celtics,Celtics
13,2.00,494.00,Michael,Smith,2.00,Boston,East,Atlantic,Boston Celtics,Celtics
14,2.00,669.00,John,Bagley,2.00,Boston,East,Atlantic,Boston Celtics,Celtics
15,2.00,670.00,Rick,Fox,2.00,Boston,East,Atlantic,Boston Celtics,Celtics
16,2.00,781.00,Marcus,Webb,2.00,Boston,East,Atlantic,Boston Celtics,Celtics
17,2.00,807.00,Acie,Earl,2.00,Boston,East,Atlantic,Boston Celtics,Celtics
18,2.00,808.00,Dino,Radja,2.00,Boston,East,Atlantic,Boston Celtics,Celtics
19,2.00,838.00,Matt,Wenstrom,2.00,Boston,East,Atlantic,Boston Celtics,Celtics
20,15.00,67.00,MarShon,Brooks,15.00,Memphis,West,Southwest,Memphis Grizzlies,Grizzlies
21,15.00,90.00,Omri,Casspi,15.00,Memphis,West,Southwest,Memphis Grizzlies,Grizzlies
22,15.00,430.00,DJ,Stephens,15.00,Memphis,West,Southwest,Memphis Grizzlies,Grizzlies
23,28.00,71.00,Lorenzo,Brown,28.00,Toronto,East,Atlantic,Toronto Raptors,Raptors
24,28.00,392.00,Malachi,Richardson,28.00,Toronto,East,Atlantic,Toronto Raptors,Raptors
25,21.00,1.00,Alex,Abrines,21.00,Oklahoma City,West,Northwest,Oklahoma City Thunder,Thunder
26,21.00,119.00,Tyler,Davis,21.00,Oklahoma City,West,Northwest,Oklahoma City Thunder,Thunder
27,21.00,686.00,Marty,Conlon,21.00,Oklahoma City,West,Northwest,Oklahoma City Thunder,Thunder
28,21.00,687.00,Rich,King,21.00,Oklahoma City,West,Northwest,Oklahoma City Thunder,Thunder
29,21.00,842.00,Ervin,Johnson,21.00,Oklahoma City,West,Northwest,Oklahoma City Thunder,Thunder
30,21.00,858.00,Chris,King,21.00,Oklahoma City,West,Northwest,Oklahoma City Thunder,Thunder
31,21.00,869.00,Alphonso,Ford,21.00,Oklahoma City,West,Northwest,Oklahoma City Thunder,Thunder
32,9.00,149.00,Keenan,Evans,9.00,Detroit,East,Central,Detroit Pistons,Pistons
33,9.00,281.00,Zach,Lofton,9.00,Detroit,East,Central,Detroit Pistons,Pistons
34,9.00,498.00,John,Salley,9.00,Detroit,East,Central,Detroit Pistons,Pistons
35,9.00,513.00,Joe,Dumars,9.00,Detroit,East,Central,Detroit Pistons,Pistons
36,9.00,533.00,Bill,Laimbeer,9.00,Detroit,East,Central,Detroit Pistons,Pistons
37,9.00,534.00,William,Bedford,9.00,Detroit,East,Central,Detroit Pistons,Pistons
38,9.00,552.00,Dennis,Rodman,9.00,Detroit,East,Central,Detroit Pistons,Pistons
39,9.00,567.00,Isiah,Thomas,9.00,Detroit,East,Central,Detroit Pistons,Pistons
40,9.00,581.00,James,Edwards,9.00,Detroit,East,Central,Detroit Pistons,Pistons
41,9.00,595.00,Lance,Blanks,9.00,Detroit,East,Central,Detroit Pistons,Pistons
42,9.00,610.00,Vinnie,Johnson,9.00,Detroit,East,Central,Detroit Pistons,Pistons
43,9.00,626.00,Scott,Hastings,9.00,Detroit,East,Central,Detroit Pistons,Pistons
44,9.00,667.00,Charles,Thomas,9.00,Detroit,East,Central,Detroit Pistons,Pistons
45,9.00,688.00,Brad,Sellers,9.00,Detroit,East,Central,Detroit Pistons,Pistons
46,9.00,707.00,Bob,McCann,9.00,Detroit,East,Central,Detroit Pistons,Pistons
47,9.00,773.00,Isaiah,Morris,9.00,Detroit,East,Central,Detroit Pistons,Pistons
48,9.00,791.00,Melvin,Newbern,9.00,Detroit,East,Central,Detroit Pistons,Pistons
49,9.00,834.00,Allan,Houston,9.00,Detroit,East,Central,Detroit Pistons,Pistons
50,9.00,835.00,Lindsey,Hunter,9.00,Detroit,East,Central,Detroit Pistons,Pistons
51,9.00,862.00,Ben,Coleman,9.00,Detroit,East,Central,Detroit Pistons,Pistons
52,13.00,179.00,Marcin,Gortat,13.00,LA,West,Pacific,LA Clippers,Clippers
53,13.00,437.00,Milos,Teodosic,13.00,LA,West,Pacific,LA Clippers,Clippers
54,13.00,647.00,Elliot,Perry,13.00,LA,West,Pacific,LA Clippers,Clippers
55,13.00,690.00,Lanard,Copeland,13.00,LA,West,Pacific,LA Clippers,Clippers
56,13.00,691.00,LeRon,Ellis,13.00,LA,West,Pacific,LA Clippers,Clippers
57,13.00,705.00,David,Rivers,13.00,LA,West,Pacific,LA Clippers,Clippers
58,13.00,743.00,Elmore,Spencer,13.00,LA,West,Pacific,LA Clippers,Clippers
59,13.00,769.00,Randy,Woods,13.00,LA,West,Pacific,LA Clippers,Clippers
60,13.00,790.00,Duane,Washington,13.00,LA,West,Pacific,LA Clippers,Clippers
61,13.00,813.00,Terry,Dehere,13.00,LA,West,Pacific,LA Clippers,Clippers
62,13.00,844.00,Bob,Martin,13.00,LA,West,Pacific,LA Clippers,Clippers
63,13.00,860.00,Harold,Ellis,13.00,LA,West,Pacific,LA Clippers,Clippers
64,13.00,866.00,Bo,Outlaw,13.00,LA,West,Pacific,LA Clippers,Clippers
65,10.00,1593.00,Andrew,Bogut,10.00,Golden State,West,Pacific,Golden State Warriors,Warriors
66,10.00,507.00,Steve,Johnson,10.00,Golden State,West,Pacific,Golden State Warriors,Warriors
67,10.00,526.00,Tom,Tolbert,10.00,Golden State,West,Pacific,Golden State Warriors,Warriors
68,10.00,544.00,Sarunas,Marciulionis,10.00,Golden State,West,Pacific,Golden State Warriors,Warriors
69,10.00,562.00,Rod,Higgins,10.00,Golden State,West,Pacific,Golden State Warriors,Warriors
70,10.00,576.00,Tim,Hardaway,10.00,Golden State,West,Pacific,Golden State Warriors,Warriors
71,10.00,590.00,Alton,Lister,10.00,Golden State,West,Pacific,Golden State Warriors,Warriors
72,10.00,604.00,Mitch,Richmond,10.00,Golden State,West,Pacific,Golden State Warriors,Warriors
73,10.00,620.00,Tyrone,Hill,10.00,Golden State,West,Pacific,Golden State Warriors,Warriors
74,10.00,637.00,Kevin,Pritchard,10.00,Golden State,West,Pacific,Golden State Warriors,Warriors
75,10.00,662.00,Chris,Gatling,10.00,Golden State,West,Pacific,Golden State Warriors,Warriors
76,10.00,663.00,Victor,Alexander,10.00,Golden State,West,Pacific,Golden State Warriors,Warriors
77,10.00,684.00,Billy,Owens,10.00,Golden State,West,Pacific,Golden State Warriors,Warriors
78,10.00,716.00,Jaren,Jackson,10.00,Golden State,West,Pacific,Golden State Warriors,Warriors
79,10.00,748.00,Byron,Houston,10.00,Golden State,West,Pacific,Golden State Warriors,Warriors
80,10.00,749.00,Keith,Jennings,10.00,Golden State,West,Pacific,Golden State Warriors,Warriors
81,10.00,750.00,Latrell,Sprewell,10.00,Golden State,West,Pacific,Golden State Warriors,Warriors
82,10.00,794.00,Barry,Stevens,10.00,Golden State,West,Pacific,Golden State Warriors,Warriors
83,10.00,796.00,Pat,Durham,10.00,Golden State,West,Pacific,Golden State Warriors,Warriors
84,10.00,802.00,Josh,Grant,10.00,Golden State,West,Pacific,Golden State Warriors,Warriors
85,10.00,847.00,Chris,Webber,10.00,Golden State,West,Pacific,Golden State Warriors,Warriors
86,10.00,853.00,Dell,Demps,10.00,Golden State,West,Pacific,Golden State Warriors,Warriors
87,23.00,241.00,Amir,Johnson,23.00,Philadelphia,East,Atlantic,Philadelphia 76ers,76ers
88,23.00,665.00,Mitchell,Wiggins,23.00,Philadelphia,East,Atlantic,Philadelphia 76ers,76ers
89,23.00,666.00,Tharon,Mayes,23.00,Philadelphia,East,Atlantic,Philadelphia 76ers,76ers
90,23.00,694.00,Charles,Shackleford,23.00,Philadelphia,East,Atlantic,Philadelphia 76ers,76ers
91,23.00,712.00,Jeff,Ruland,23.00,Philadelphia,East,Atlantic,Philadelphia 76ers,76ers
92,23.00,737.00,Clar.,Weatherspoon,23.00,Philadelphia,East,Atlantic,Philadelphia 76ers,76ers
93,23.00,797.00,Thomas,Jordan,23.00,Philadelphia,East,Atlantic,Philadelphia 76ers,76ers
94,23.00,817.00,Michael,Curry,23.00,Philadelphia,East,Atlantic,Philadelphia 76ers,76ers
95,23.00,818.00,Shawn,Bradley,23.00,Philadelphia,East,Atlantic,Philadelphia 76ers,76ers
96,23.00,819.00,Warren,Kidd,23.00,Philadelphia,East,Atlantic,Philadelphia 76ers,76ers
97,23.00,841.00,Greg,Graham,23.00,Philadelphia,East,Atlantic,Philadelphia 76ers,76ers
98,23.00,867.00,Bill,Edwards,23.00,Philadelphia,East,Atlantic,Philadelphia 76ers,76ers
99,24.00,256.00,George,King,24.00,Phoenix,West,Pacific,Phoenix Suns,Suns
100,24.00,501.00,Kevin,Johnson,24.00,Phoenix,West,Pacific,Phoenix Suns,Suns
101,24.00,516.00,Dan,Majerle,24.00,Phoenix,West,Pacific,Phoenix Suns,Suns
102,24.00,517.00,Tom,Chambers,24.00,Phoenix,West,Pacific,Phoenix Suns,Suns
103,24.00,538.00,Mark,West,24.00,Phoenix,West,Pacific,Phoenix Suns,Suns
104,24.00,555.00,Cedric,Ceballos,24.00,Phoenix,West,Pacific,Phoenix Suns,Suns
105,24.00,556.00,Tim,Perry,24.00,Phoenix,West,Pacific,Phoenix Suns,Suns
106,24.00,570.00,Kenny,Battle,24.00,Phoenix,West,Pacific,Phoenix Suns,Suns
107,24.00,584.00,Ian,Lockhart,24.00,Phoenix,West,Pacific,Phoenix Suns,Suns
108,24.00,598.00,Jeff,Hornacek,24.00,Phoenix,West,Pacific,Phoenix Suns,Suns
109,24.00,613.00,Ed,Nealy,24.00,Phoenix,West,Pacific,Phoenix Suns,Suns
110,24.00,631.00,Kurt,Rambis,24.00,Phoenix,West,Pacific,Phoenix Suns,Suns
111,24.00,719.00,Steve,Burtt,24.00,Phoenix,West,Pacific,Phoenix Suns,Suns
112,24.00,761.00,Oliver,Miller,24.00,Phoenix,West,Pacific,Phoenix Suns,Suns
113,24.00,767.00,Alex,Stivrins,24.00,Phoenix,West,Pacific,Phoenix Suns,Suns
114,24.00,768.00,Frank,Johnson,24.00,Phoenix,West,Pacific,Phoenix Suns,Suns
115,24.00,776.00,Tim,Kempton,24.00,Phoenix,West,Pacific,Phoenix Suns,Suns
116,24.00,785.00,Richard,Dumas,24.00,Phoenix,West,Pacific,Phoenix Suns,Suns
117,24.00,861.00,Malcolm,Mackey,24.00,Phoenix,West,Pacific,Phoenix Suns,Suns
118,26.00,263.00,Kosta,Koufos,26.00,Sacramento,West,Pacific,Sacramento Kings,Kings
119,26.00,388.00,Zach,Randolph,26.00,Sacramento,West,Pacific,Sacramento Kings,Kings
120,26.00,645.00,Pete,Chilcutt,26.00,Sacramento,West,Pacific,Sacramento Kings,Kings
121,26.00,646.00,Randy,Brown,26.00,Sacramento,West,Pacific,Sacramento Kings,Kings
122,26.00,674.00,Carl,Thomas,26.00,Sacramento,West,Pacific,Sacramento Kings,Kings
123,26.00,732.00,Walt,Williams,26.00,Sacramento,West,Pacific,Sacramento Kings,Kings
124,26.00,777.00,Stan,Kimbrough,26.00,Sacramento,West,Pacific,Sacramento Kings,Kings
125,26.00,803.00,Bobby,Hurley,26.00,Sacramento,West,Pacific,Sacramento Kings,Kings
126,26.00,804.00,Mike,Peplowski,26.00,Sacramento,West,Pacific,Sacramento Kings,Kings
127,26.00,854.00,Evers,Burns,26.00,Sacramento,West,Pacific,Sacramento Kings,Kings
128,18.00,348.00,James,Nunnally,18.00,Minnesota,West,Northwest,Minnesota Timberwolves,Timberwolves
129,18.00,504.00,Randy,Breuer,18.00,Minnesota,West,Northwest,Minnesota Timberwolves,Timberwolves
130,18.00,521.00,Doug,West,18.00,Minnesota,West,Northwest,Minnesota Timberwolves,Timberwolves
131,18.00,522.00,Tony,Campbell,18.00,Minnesota,West,Northwest,Minnesota Timberwolves,Timberwolves
132,18.00,541.00,Richard,Coffey,18.00,Minnesota,West,Northwest,Minnesota Timberwolves,Timberwolves
133,18.00,559.00,Scott,Brooks,18.00,Minnesota,West,Northwest,Minnesota Timberwolves,Timberwolves
134,18.00,573.00,Pooh,Richardson,18.00,Minnesota,West,Northwest,Minnesota Timberwolves,Timberwolves
135,18.00,587.00,Gerald,Glass,18.00,Minnesota,West,Northwest,Minnesota Timberwolves,Timberwolves
136,18.00,601.00,Tod,Murphy,18.00,Minnesota,West,Northwest,Minnesota Timberwolves,Timberwolves
137,18.00,616.00,Felton,Spencer,18.00,Minnesota,West,Northwest,Minnesota Timberwolves,Timberwolves
138,18.00,617.00,Tyrone,Corbin,18.00,Minnesota,West,Northwest,Minnesota Timberwolves,Timberwolves
139,18.00,634.00,Sam,Mitchell,18.00,Minnesota,West,Northwest,Minnesota Timberwolves,Timberwolves
140,18.00,657.00,Tellis,Frank,18.00,Minnesota,West,Northwest,Minnesota Timberwolves,Timberwolves
141,18.00,699.00,Myron,Brown,18.00,Minnesota,West,Northwest,Minnesota Timberwolves,Timberwolves
142,18.00,706.00,Luc,Longley,18.00,Minnesota,West,Northwest,Minnesota Timberwolves,Timberwolves
143,18.00,739.00,Chris,Smith,18.00,Minnesota,West,Northwest,Minnesota Timberwolves,Timberwolves
144,18.00,740.00,Christian,Laettner,18.00,Minnesota,West,Northwest,Minnesota Timberwolves,Timberwolves
145,18.00,741.00,Gundars,Vetra,18.00,Minnesota,West,Northwest,Minnesota Timberwolves,Timberwolves
146,18.00,783.00,Marlon,Maxey,18.00,Minnesota,West,Northwest,Minnesota Timberwolves,Timberwolves
147,18.00,836.00,Brian,Davis,18.00,Minnesota,West,Northwest,Minnesota Timberwolves,Timberwolves
148,18.00,837.00,Isaiah,Rider,18.00,Minnesota,West,Northwest,Minnesota Timberwolves,Timberwolves
149,18.00,856.00,Stanley,Jackson,18.00,Minnesota,West,Northwest,Minnesota Timberwolves,Timberwolves
150,18.00,870.00,Andres,Guibert,18.00,Minnesota,West,Northwest,Minnesota Timberwolves,Timberwolves
151,6.00,382.00,Billy,Preston,6.00,Cleveland,East,Central,Cleveland Cavaliers,Cavaliers
152,6.00,495.00,John,Morton,6.00,Cleveland,East,Central,Cleveland Cavaliers,Cavaliers
153,6.00,510.00,Larry,Nance,6.00,Cleveland,East,Central,Cleveland Cavaliers,Cavaliers
154,6.00,529.00,Mark,Price,6.00,Cleveland,East,Central,Cleveland Cavaliers,Cavaliers
155,6.00,548.00,Winston,Bennett,6.00,Cleveland,East,Central,Cleveland Cavaliers,Cavaliers
156,6.00,648.00,Jimmy,Oliver,6.00,Cleveland,East,Central,Cleveland Cavaliers,Cavaliers
157,6.00,649.00,Terrell,Brandon,6.00,Cleveland,East,Central,Cleveland Cavaliers,Cavaliers
158,6.00,724.00,Bobby,Phills,6.00,Cleveland,East,Central,Cleveland Cavaliers,Cavaliers
159,6.00,778.00,Jay,Guidinger,6.00,Cleveland,East,Central,Cleveland Cavaliers,Cavaliers
160,6.00,809.00,Chris,Mills,6.00,Cleveland,East,Central,Cleveland Cavaliers,Cavaliers
161,6.00,840.00,Gerald,Madkins,6.00,Cleveland,East,Central,Cleveland Cavaliers,Cavaliers
162,6.00,846.00,Sedric,Toney,6.00,Cleveland,East,Central,Cleveland Cavaliers,Cavaliers
163,11.00,384.00,Zhou,Qi,11.00,Houston,West,Southwest,Houston Rockets,Rockets
164,11.00,503.00,Kenny,Smith,11.00,Houston,West,Southwest,Houston Rockets,Rockets
165,11.00,519.00,Adrian,Caldwell,11.00,Houston,West,Southwest,Houston Rockets,Rockets
166,11.00,520.00,Vernon,Maxwell,11.00,Houston,West,Southwest,Houston Rockets,Rockets
167,11.00,540.00,Hakeem,Olajuwon,11.00,Houston,West,Southwest,Houston Rockets,Rockets
168,11.00,558.00,Dave,Jamerson,11.00,Houston,West,Southwest,Houston Rockets,Rockets
169,11.00,572.00,Larry,Smith,11.00,Houston,West,Southwest,Houston Rockets,Rockets
170,11.00,586.00,Otis,Thorpe,11.00,Houston,West,Southwest,Houston Rockets,Rockets
171,11.00,600.00,Dave,Feitl,11.00,Houston,West,Southwest,Houston Rockets,Rockets
172,11.00,615.00,Sleepy,Floyd,11.00,Houston,West,Southwest,Houston Rockets,Rockets
173,11.00,633.00,David,Wood,11.00,Houston,West,Southwest,Houston Rockets,Rockets
174,11.00,641.00,Matt,Bullard,11.00,Houston,West,Southwest,Houston Rockets,Rockets
175,11.00,693.00,John,Turner,11.00,Houston,West,Southwest,Houston Rockets,Rockets
176,11.00,698.00,Carl,Herrera,11.00,Houston,West,Southwest,Houston Rockets,Rockets
177,11.00,738.00,Robert,Horry,11.00,Houston,West,Southwest,Houston Rockets,Rockets
178,11.00,829.00,Eric,Riley,11.00,Houston,West,Southwest,Houston Rockets,Rockets
179,11.00,830.00,Sam,Cassell,11.00,Houston,West,Southwest,Houston Rockets,Rockets
180,11.00,849.00,Richard,Petruska,11.00,Houston,West,Southwest,Houston Rockets,Rockets
181,25.00,448.00,Gary,Trent Jr.,25.00,Portland,West,Northwest,Portland Trail Blazers,Trail Blazers
182,25.00,502.00,Danny,Ainge,25.00,Portland,West,Northwest,Portland Trail Blazers,Trail Blazers
183,25.00,518.00,Alaa,Abdelnaby,25.00,Portland,West,Northwest,Portland Trail Blazers,Trail Blazers
184,25.00,539.00,Clifford,Robinson,25.00,Portland,West,Northwest,Portland Trail Blazers,Trail Blazers
185,25.00,557.00,Buck,Williams,25.00,Portland,West,Northwest,Portland Trail Blazers,Trail Blazers
186,25.00,571.00,Danny,Young,25.00,Portland,West,Northwest,Portland Trail Blazers,Trail Blazers
187,25.00,585.00,Kevin,Duckworth,25.00,Portland,West,Northwest,Portland Trail Blazers,Trail Blazers
188,25.00,599.00,Jerome,Kersey,25.00,Portland,West,Northwest,Portland Trail Blazers,Trail Blazers
189,25.00,614.00,Wayne,Cooper,25.00,Portland,West,Northwest,Portland Trail Blazers,Trail Blazers
190,25.00,632.00,Clyde,Drexler,25.00,Portland,West,Northwest,Portland Trail Blazers,Trail Blazers
191,25.00,668.00,Robert,Pack,25.00,Portland,West,Northwest,Portland Trail Blazers,Trail Blazers
192,25.00,714.00,Lamont,Strothers,25.00,Portland,West,Northwest,Portland Trail Blazers,Trail Blazers
193,25.00,717.00,Ennis,Whatley,25.00,Portland,West,Northwest,Portland Trail Blazers,Trail Blazers
194,25.00,763.00,Dave,Johnson,25.00,Portland,West,Northwest,Portland Trail Blazers,Trail Blazers
195,25.00,764.00,Reggie,Smith,25.00,Portland,West,Northwest,Portland Trail Blazers,Trail Blazers
196,25.00,765.00,Tracy,Murray,25.00,Portland,West,Northwest,Portland Trail Blazers,Trail Blazers
197,25.00,814.00,James,Robinson,25.00,Portland,West,Northwest,Portland Trail Blazers,Trail Blazers
198,25.00,850.00,Kevin,Thompson,25.00,Portland,West,Northwest,Portland Trail Blazers,Trail Blazers
199,1.00,496.00,Howard,Wright,1.00,Atlanta,East,Southeast,Atlanta Hawks,Hawks
200,1.00,511.00,Duane,Ferrell,1.00,Atlanta,East,Southeast,Atlanta Hawks,Hawks
201,1.00,530.00,Dominique,Wilkins,1.00,Atlanta,East,Southeast,Atlanta Hawks,Hawks
202,1.00,549.00,Doc,Rivers,1.00,Atlanta,East,Southeast,Atlanta Hawks,Hawks
203,1.00,550.00,Tim,McCormick,1.00,Atlanta,East,Southeast,Atlanta Hawks,Hawks
204,1.00,565.00,John,Battle,1.00,Atlanta,East,Southeast,Atlanta Hawks,Hawks
205,1.00,579.00,Kevin,Willis,1.00,Atlanta,East,Southeast,Atlanta Hawks,Hawks
206,1.00,593.00,Moses,Malone,1.00,Atlanta,East,Southeast,Atlanta Hawks,Hawks
207,1.00,608.00,Rumeal,Robinson,1.00,Atlanta,East,Southeast,Atlanta Hawks,Hawks
208,1.00,624.00,Sidney,Moncrief,1.00,Atlanta,East,Southeast,Atlanta Hawks,Hawks
209,1.00,672.00,Alexander,Volkov,1.00,Atlanta,East,Southeast,Atlanta Hawks,Hawks
210,1.00,673.00,Stacey,Augmon,1.00,Atlanta,East,Southeast,Atlanta Hawks,Hawks
211,1.00,689.00,Rodney,Monroe,1.00,Atlanta,East,Southeast,Atlanta Hawks,Hawks
212,1.00,696.00,Paul,Graham,1.00,Atlanta,East,Southeast,Atlanta Hawks,Hawks
213,1.00,736.00,Adam,Keefe,1.00,Atlanta,East,Southeast,Atlanta Hawks,Hawks
214,1.00,787.00,Andre,Spencer,1.00,Atlanta,East,Southeast,Atlanta Hawks,Hawks
215,1.00,845.00,Ricky,Grace,1.00,Atlanta,East,Southeast,Atlanta Hawks,Hawks
216,1.00,859.00,Doug,Edwards,1.00,Atlanta,East,Southeast,Atlanta Hawks,Hawks
217,22.00,497.00,Michael,Ansley,22.00,Orlando,East,Southeast,Orlando Magic,Magic
218,22.00,512.00,Nick,Anderson,22.00,Orlando,East,Southeast,Orlando Magic,Magic
219,22.00,531.00,Dennis,Scott,22.00,Orlando,East,Southeast,Orlando Magic,Magic
220,22.00,532.00,Terry,Catledge,22.00,Orlando,East,Southeast,Orlando Magic,Magic
221,22.00,551.00,Scott,Skiles,22.00,Orlando,East,Southeast,Orlando Magic,Magic
222,22.00,566.00,Sam,Vincent,22.00,Orlando,East,Southeast,Orlando Magic,Magic
223,22.00,580.00,Otis,Smith,22.00,Orlando,East,Southeast,Orlando Magic,Magic
224,22.00,594.00,Mark,Acres,22.00,Orlando,East,Southeast,Orlando Magic,Magic
225,22.00,609.00,Greg,Kite,22.00,Orlando,East,Southeast,Orlando Magic,Magic
226,22.00,625.00,Jeff,Turner,22.00,Orlando,East,Southeast,Orlando Magic,Magic
227,22.00,676.00,Stanley,Roberts,22.00,Orlando,East,Southeast,Orlando Magic,Magic
228,22.00,702.00,Bison,Dele,22.00,Orlando,East,Southeast,Orlando Magic,Magic
229,22.00,709.00,Anthony,Bowie,22.00,Orlando,East,Southeast,Orlando Magic,Magic
230,22.00,710.00,Chris,Corchiani,22.00,Orlando,East,Southeast,Orlando Magic,Magic
231,22.00,711.00,Stephen,Thompson,22.00,Orlando,East,Southeast,Orlando Magic,Magic
232,22.00,735.00,Shaquille,O'Neal,22.00,Orlando,East,Southeast,Orlando Magic,Magic
233,22.00,770.00,Litterial,Green,22.00,Orlando,East,Southeast,Orlando Magic,Magic
234,22.00,799.00,Anfernee,Hardaway,22.00,Orlando,East,Southeast,Orlando Magic,Magic
235,22.00,800.00,Keith,Tower,22.00,Orlando,East,Southeast,Orlando Magic,Magic
236,17.00,499.00,Dan,Schayes,17.00,Milwaukee,East,Central,Milwaukee Bucks,Bucks
237,17.00,514.00,Jay,Humphries,17.00,Milwaukee,East,Central,Milwaukee Bucks,Bucks
238,17.00,535.00,Ricky,Pierce,17.00,Milwaukee,East,Central,Milwaukee Bucks,Bucks
239,17.00,553.00,Greg,Anderson,17.00,Milwaukee,East,Central,Milwaukee Bucks,Bucks
240,17.00,568.00,Brad,Lohaus,17.00,Milwaukee,East,Central,Milwaukee Bucks,Bucks
241,17.00,582.00,Frank,Brickowski,17.00,Milwaukee,East,Central,Milwaukee Bucks,Bucks
242,17.00,596.00,Jeff,Grayer,17.00,Milwaukee,East,Central,Milwaukee Bucks,Bucks
243,17.00,611.00,Jack,Sikma,17.00,Milwaukee,East,Central,Milwaukee Bucks,Bucks
244,17.00,627.00,Alvin,Robertson,17.00,Milwaukee,East,Central,Milwaukee Bucks,Bucks
245,17.00,628.00,Steve,Henson,17.00,Milwaukee,East,Central,Milwaukee Bucks,Bucks
246,17.00,644.00,Larry,Krystkowiak,17.00,Milwaukee,East,Central,Milwaukee Bucks,Bucks
247,17.00,725.00,Anthony,Avent,17.00,Milwaukee,East,Central,Milwaukee Bucks,Bucks
248,17.00,726.00,Lee,Mayberry,17.00,Milwaukee,East,Central,Milwaukee Bucks,Bucks
249,17.00,727.00,Todd,Day,17.00,Milwaukee,East,Central,Milwaukee Bucks,Bucks
250,17.00,755.00,Anthony,Pullard,17.00,Milwaukee,East,Central,Milwaukee Bucks,Bucks
251,17.00,784.00,Jon,Barry,17.00,Milwaukee,East,Central,Milwaukee Bucks,Bucks
252,17.00,810.00,Vin,Baker,17.00,Milwaukee,East,Central,Milwaukee Bucks,Bucks
253,29.00,500.00,Mark,Eaton,29.00,Utah,West,Northwest,Utah Jazz,Jazz
254,29.00,515.00,Darrell,Griffith,29.00,Utah,West,Northwest,Utah Jazz,Jazz
255,29.00,536.00,Blue,Edwards,29.00,Utah,West,Northwest,Utah Jazz,Jazz
256,29.00,537.00,Walter,Palmer,29.00,Utah,West,Northwest,Utah Jazz,Jazz
257,29.00,554.00,Jeff,Malone,29.00,Utah,West,Northwest,Utah Jazz,Jazz
258,29.00,569.00,Mike,Brown,29.00,Utah,West,Northwest,Utah Jazz,Jazz
259,29.00,583.00,Karl,Malone,29.00,Utah,West,Northwest,Utah Jazz,Jazz
260,29.00,597.00,Chris,Munk,29.00,Utah,West,Northwest,Utah Jazz,Jazz
261,29.00,612.00,Delaney,Rudd,29.00,Utah,West,Northwest,Utah Jazz,Jazz
262,29.00,629.00,Andy,Toolson,29.00,Utah,West,Northwest,Utah Jazz,Jazz
263,29.00,630.00,Thurl,Bailey,29.00,Utah,West,Northwest,Utah Jazz,Jazz
264,29.00,658.00,David,Benoit,29.00,Utah,West,Northwest,Utah Jazz,Jazz
265,29.00,680.00,Corey,Crowder,29.00,Utah,West,Northwest,Utah Jazz,Jazz
266,29.00,681.00,Eric,Murdock,29.00,Utah,West,Northwest,Utah Jazz,Jazz
267,29.00,746.00,John,Crotty,29.00,Utah,West,Northwest,Utah Jazz,Jazz
268,29.00,747.00,Stephen,Howard,29.00,Utah,West,Northwest,Utah Jazz,Jazz
269,29.00,823.00,Bryon,Russell,29.00,Utah,West,Northwest,Utah Jazz,Jazz
270,29.00,824.00,Luther,Wright,29.00,Utah,West,Northwest,Utah Jazz,Jazz
271,29.00,855.00,Aaron,Williams,29.00,Utah,West,Northwest,Utah Jazz,Jazz
272,29.00,865.00,Chad,Gallagher,29.00,Utah,West,Northwest,Utah Jazz,Jazz
273,7.00,505.00,Herb,Williams,7.00,Dallas,West,Southwest,Dallas Mavericks,Mavericks
274,7.00,523.00,Roy,Tarpley,7.00,Dallas,West,Southwest,Dallas Mavericks,Mavericks
275,7.00,542.00,James,Donaldson,7.00,Dallas,West,Southwest,Dallas Mavericks,Mavericks
276,7.00,560.00,Rolando,Blackman,7.00,Dallas,West,Southwest,Dallas Mavericks,Mavericks
277,7.00,574.00,Derek,Harper,7.00,Dallas,West,Southwest,Dallas Mavericks,Mavericks
278,7.00,588.00,Alex,English,7.00,Dallas,West,Southwest,Dallas Mavericks,Mavericks
279,7.00,602.00,Lafayette,Lever,7.00,Dallas,West,Southwest,Dallas Mavericks,Mavericks
280,7.00,635.00,Rodney,McCray,7.00,Dallas,West,Southwest,Dallas Mavericks,Mavericks
281,7.00,652.00,Donald,Hodge,7.00,Dallas,West,Southwest,Dallas Mavericks,Mavericks
282,7.00,653.00,Joao,Vianna,7.00,Dallas,West,Southwest,Dallas Mavericks,Mavericks
283,7.00,654.00,Mike,Iuzzolino,7.00,Dallas,West,Southwest,Dallas Mavericks,Mavericks
284,7.00,685.00,Doug,Smith,7.00,Dallas,West,Southwest,Dallas Mavericks,Mavericks
285,7.00,715.00,Tracy,Moore,7.00,Dallas,West,Southwest,Dallas Mavericks,Mavericks
286,7.00,718.00,Brian,Howard,7.00,Dallas,West,Southwest,Dallas Mavericks,Mavericks
287,7.00,758.00,Sean,Rooks,7.00,Dallas,West,Southwest,Dallas Mavericks,Mavericks
288,7.00,759.00,Walter,Bond,7.00,Dallas,West,Southwest,Dallas Mavericks,Mavericks
289,7.00,786.00,Radisav,Curcic,7.00,Dallas,West,Southwest,Dallas Mavericks,Mavericks
290,7.00,788.00,Dexter,Cambridge,7.00,Dallas,West,Southwest,Dallas Mavericks,Mavericks
291,7.00,793.00,Jim,Jackson,7.00,Dallas,West,Southwest,Dallas Mavericks,Mavericks
292,7.00,825.00,Darren,Morningstar,7.00,Dallas,West,Southwest,Dallas Mavericks,Mavericks
293,7.00,826.00,Jamal,Mashburn,7.00,Dallas,West,Southwest,Dallas Mavericks,Mavericks
294,7.00,827.00,Lucious,Harris,7.00,Dallas,West,Southwest,Dallas Mavericks,Mavericks
295,7.00,828.00,Popeye,Jones,7.00,Dallas,West,Southwest,Dallas Mavericks,Mavericks
296,8.00,506.00,Joe,Wolf,8.00,Denver,West,Northwest,Denver Nuggets,Nuggets
297,8.00,524.00,Anthony,Cook,8.00,Denver,West,Northwest,Denver Nuggets,Nuggets
298,8.00,525.00,Todd,Lichti,8.00,Denver,West,Northwest,Denver Nuggets,Nuggets
299,8.00,543.00,Jerome,Lane,8.00,Denver,West,Northwest,Denver Nuggets,Nuggets
300,8.00,561.00,Avery,Johnson,8.00,Denver,West,Northwest,Denver Nuggets,Nuggets
301,8.00,575.00,Michael,Adams,8.00,Denver,West,Northwest,Denver Nuggets,Nuggets
302,8.00,589.00,T.R.,Dunn,8.00,Denver,West,Northwest,Denver Nuggets,Nuggets
303,8.00,603.00,Corey,Gaines,8.00,Denver,West,Northwest,Denver Nuggets,Nuggets
304,8.00,618.00,Marcus,Liberty,8.00,Denver,West,Northwest,Denver Nuggets,Nuggets
305,8.00,619.00,Walter,Davis,8.00,Denver,West,Northwest,Denver Nuggets,Nuggets
306,8.00,636.00,Blair,Rasmussen,8.00,Denver,West,Northwest,Denver Nuggets,Nuggets
307,8.00,660.00,Dikembe,Mutombo,8.00,Denver,West,Northwest,Denver Nuggets,Nuggets
308,8.00,661.00,Mark,Macon,8.00,Denver,West,Northwest,Denver Nuggets,Nuggets
309,8.00,682.00,Kevin,Brooks,8.00,Denver,West,Northwest,Denver Nuggets,Nuggets
310,8.00,751.00,Bryant,Stith,8.00,Denver,West,Northwest,Denver Nuggets,Nuggets
311,8.00,752.00,LaPhonso,Ellis,8.00,Denver,West,Northwest,Denver Nuggets,Nuggets
312,8.00,766.00,Robert,Werdann,8.00,Denver,West,Northwest,Denver Nuggets,Nuggets
313,8.00,779.00,Gary,Plummer,8.00,Denver,West,Northwest,Denver Nuggets,Nuggets
314,8.00,805.00,Darnell,Mee,8.00,Denver,West,Northwest,Denver Nuggets,Nuggets
315,8.00,806.00,Rodney,Rogers,8.00,Denver,West,Northwest,Denver Nuggets,Nuggets
316,8.00,851.00,Adonis,Jordan,8.00,Denver,West,Northwest,Denver Nuggets,Nuggets
317,8.00,863.00,Roy,Marble,8.00,Denver,West,Northwest,Denver Nuggets,Nuggets
318,16.00,508.00,Glen,Rice,16.00,Miami,East,Southeast,Miami Heat,Heat
319,16.00,527.00,Billy,Thompson,16.00,Miami,East,Southeast,Miami Heat,Heat
320,16.00,545.00,Grant,Long,16.00,Miami,East,Southeast,Miami Heat,Heat
321,16.00,546.00,Willie,Burton,16.00,Miami,East,Southeast,Miami Heat,Heat
322,16.00,563.00,Jon,Sundvold,16.00,Miami,East,Southeast,Miami Heat,Heat
323,16.00,577.00,Bimbo,Coles,16.00,Miami,East,Southeast,Miami Heat,Heat
324,16.00,591.00,Sherman,Douglas,16.00,Miami,East,Southeast,Miami Heat,Heat
325,16.00,605.00,Kevin,Edwards,16.00,Miami,East,Southeast,Miami Heat,Heat
326,16.00,621.00,Alec,Kessler,16.00,Miami,East,Southeast,Miami Heat,Heat
327,16.00,622.00,Terry,Davis,16.00,Miami,East,Southeast,Miami Heat,Heat
328,16.00,638.00,Milt,Wagner,16.00,Miami,East,Southeast,Miami Heat,Heat
329,16.00,642.00,Alan,Ogg,16.00,Miami,East,Southeast,Miami Heat,Heat
330,16.00,675.00,Steven,Smith,16.00,Miami,East,Southeast,Miami Heat,Heat
331,16.00,760.00,Harold,Miner,16.00,Miami,East,Southeast,Miami Heat,Heat
332,16.00,780.00,Matt,Geiger,16.00,Miami,East,Southeast,Miami Heat,Heat
333,16.00,798.00,Gary,Alexander,16.00,Miami,East,Southeast,Miami Heat,Heat
334,30.00,509.00,Greg,Foster,30.00,Washington,East,Southeast,Washington Wizards,Wizards
335,30.00,528.00,Byron,Irvin,30.00,Washington,East,Southeast,Washington Wizards,Wizards
336,30.00,547.00,Mark,Alarie,30.00,Washington,East,Southeast,Washington Wizards,Wizards
337,30.00,564.00,A.J.,English,30.00,Washington,East,Southeast,Washington Wizards,Wizards
338,30.00,578.00,Darrell,Walker,30.00,Washington,East,Southeast,Washington Wizards,Wizards
339,30.00,592.00,Charles,Jones,30.00,Washington,East,Southeast,Washington Wizards,Wizards
340,30.00,606.00,Haywoode,Workman,30.00,Washington,East,Southeast,Washington Wizards,Wizards
341,30.00,607.00,Tom,Hammonds,30.00,Washington,East,Southeast,Washington Wizards,Wizards
342,30.00,623.00,Larry,Robinson,30.00,Washington,East,Southeast,Washington Wizards,Wizards
343,30.00,639.00,Bernard,King,30.00,Washington,East,Southeast,Washington Wizards,Wizards
344,30.00,656.00,Albert,King,30.00,Washington,East,Southeast,Washington Wizards,Wizards
345,30.00,692.00,Larry,Stewart,30.00,Washington,East,Southeast,Washington Wizards,Wizards
346,30.00,701.00,Labradford,Smith,30.00,Washington,East,Southeast,Washington Wizards,Wizards
347,30.00,723.00,Derek,Strong,30.00,Washington,East,Southeast,Washington Wizards,Wizards
348,30.00,729.00,Brent,Price,30.00,Washington,East,Southeast,Washington Wizards,Wizards
349,30.00,730.00,Don,MacLean,30.00,Washington,East,Southeast,Washington Wizards,Wizards
350,30.00,731.00,Tom,Gugliotta,30.00,Washington,East,Southeast,Washington Wizards,Wizards
351,30.00,774.00,Doug,Overton,30.00,Washington,East,Southeast,Washington Wizards,Wizards
352,30.00,820.00,Calbert,Cheaney,30.00,Washington,East,Southeast,Washington Wizards,Wizards
353,30.00,821.00,Mitchell,Butler,30.00,Washington,East,Southeast,Washington Wizards,Wizards
354,30.00,822.00,Tito,Horford,30.00,Washington,East,Southeast,Washington Wizards,Wizards
355,30.00,848.00,Gheorghe,Muresan,30.00,Washington,East,Southeast,Washington Wizards,Wizards
356,30.00,868.00,Andrew,Gaze,30.00,Washington,East,Southeast,Washington Wizards,Wizards
357,3.00,640.00,Roy,Hinson,3.00,Brooklyn,East,Atlantic,Brooklyn Nets,Nets
358,3.00,677.00,Doug,Lee,3.00,Brooklyn,East,Atlantic,Brooklyn Nets,Nets
359,3.00,678.00,Rafael,Addison,3.00,Brooklyn,East,Atlantic,Brooklyn Nets,Nets
360,3.00,697.00,Kenny,Anderson,3.00,Brooklyn,East,Atlantic,Brooklyn Nets,Nets
361,3.00,831.00,P.J.,Brown,3.00,Brooklyn,East,Atlantic,Brooklyn Nets,Nets
362,3.00,832.00,Rex,Walters,3.00,Brooklyn,East,Atlantic,Brooklyn Nets,Nets
363,3.00,857.00,David,Wesley,3.00,Brooklyn,East,Atlantic,Brooklyn Nets,Nets
364,4.00,643.00,Kevin,Lynch,4.00,Charlotte,East,Southeast,Charlotte Hornets,Hornets
365,4.00,671.00,Larry,Johnson,4.00,Charlotte,East,Southeast,Charlotte Hornets,Hornets
366,4.00,713.00,Ronnie,Grandison,4.00,Charlotte,East,Southeast,Charlotte Hornets,Hornets
367,4.00,720.00,Cedric,Hunter,4.00,Charlotte,East,Southeast,Charlotte Hornets,Hornets
368,4.00,728.00,Tony,Bennett,4.00,Charlotte,East,Southeast,Charlotte Hornets,Hornets
369,4.00,762.00,Lorenzo,Williams,4.00,Charlotte,East,Southeast,Charlotte Hornets,Hornets
370,4.00,771.00,Alonzo,Mourning,4.00,Charlotte,East,Southeast,Charlotte Hornets,Hornets
371,4.00,852.00,Scott,Burrell,4.00,Charlotte,East,Southeast,Charlotte Hornets,Hornets
372,27.00,650.00,Greg,Sutton,27.00,San Antonio,West,Southwest,San Antonio Spurs,Spurs
373,27.00,651.00,Tom,Copa,27.00,San Antonio,West,Southwest,San Antonio Spurs,Spurs
374,27.00,708.00,Donald,Royal,27.00,San Antonio,West,Southwest,San Antonio Spurs,Spurs
375,27.00,721.00,Stephen,Bardo,27.00,San Antonio,West,Southwest,San Antonio Spurs,Spurs
376,27.00,733.00,Lloyd,Daniels,27.00,San Antonio,West,Southwest,San Antonio Spurs,Spurs
377,27.00,734.00,Vinny,Del Negro,27.00,San Antonio,West,Southwest,San Antonio Spurs,Spurs
378,27.00,753.00,Matt,Othick,27.00,San Antonio,West,Southwest,San Antonio Spurs,Spurs
379,27.00,754.00,Sam,Mack,27.00,San Antonio,West,Southwest,San Antonio Spurs,Spurs
380,27.00,801.00,Chris,Whitney,27.00,San Antonio,West,Southwest,San Antonio Spurs,Spurs
381,14.00,659.00,Demetrius,Calip,14.00,Los Angeles,West,Pacific,Los Angeles Lakers,Lakers
382,14.00,695.00,Keith,Owens,14.00,Los Angeles,West,Pacific,Los Angeles Lakers,Lakers
383,14.00,722.00,Cliff,T. Robinson,14.00,Los Angeles,West,Pacific,Los Angeles Lakers,Lakers
384,14.00,744.00,Anthony,Peeler,14.00,Los Angeles,West,Pacific,Los Angeles Lakers,Lakers
385,14.00,745.00,Duane,Cooper,14.00,Los Angeles,West,Pacific,Los Angeles Lakers,Lakers
386,14.00,772.00,Alex,Blackwell,14.00,Los Angeles,West,Pacific,Los Angeles Lakers,Lakers
387,14.00,795.00,Doug,Christie,14.00,Los Angeles,West,Pacific,Los Angeles Lakers,Lakers
388,14.00,811.00,Antonio,Harvey,14.00,Los Angeles,West,Pacific,Los Angeles Lakers,Lakers
389,14.00,812.00,Nick,Van Exel,14.00,Los Angeles,West,Pacific,Los Angeles Lakers,Lakers
390,14.00,843.00,George,Lynch,14.00,Los Angeles,West,Pacific,Los Angeles Lakers,Lakers
391,14.00,864.00,Reggie,Jordan,14.00,Los Angeles,West,Pacific,Los Angeles Lakers,Lakers
392,5.00,664.00,Mark,Randall,5.00,Chicago,East,Central,Chicago Bulls,Bulls
393,5.00,703.00,Chuck,Nevitt,5.00,Chicago,East,Central,Chicago Bulls,Bulls
394,5.00,742.00,Corey,Williams,5.00,Chicago,East,Central,Chicago Bulls,Bulls
395,5.00,782.00,Jojo,English,5.00,Chicago,East,Central,Chicago Bulls,Bulls
396,5.00,789.00,Joe,Courtney,5.00,Chicago,East,Central,Chicago Bulls,Bulls
397,5.00,792.00,Ricky,Blanton,5.00,Chicago,East,Central,Chicago Bulls,Bulls
398,5.00,815.00,Corie,Blount,5.00,Chicago,East,Central,Chicago Bulls,Bulls
399,5.00,816.00,Toni,Kukoc,5.00,Chicago,East,Central,Chicago Bulls,Bulls
