{
    "47179": {
        "gameId": "47179",
        "date": "2019-01-30T00:00:00.000Z",
        "home_team_score": "126",
        "visitor_team_score": "94",
        "homeTeamId": "2",
        "visitorTeamId": "4"
    },
    "48751": {
        "gameId": "48751",
        "date": "2019-02-09T00:00:00.000Z",
        "home_team_score": "112",
        "visitor_team_score": "123",
        "homeTeamId": "2",
        "visitorTeamId": "13"
    },
    "48739": {
        "gameId": "48739",
        "date": "2019-02-08T00:00:00.000Z",
        "home_team_score": "117",
        "visitor_team_score": "110",
        "homeTeamId": "23",
        "visitorTeamId": "8"
    },
    "48740": {
        "gameId": "48740",
        "date": "2019-02-08T00:00:00.000Z",
        "home_team_score": "119",
        "visitor_team_score": "106",
        "homeTeamId": "30",
        "visitorTeamId": "6"
    },
    "48746": {
        "gameId": "48746",
        "date": "2019-02-08T00:00:00.000Z",
        "home_team_score": "102",
        "visitor_team_score": "96",
        "homeTeamId": "26",
        "visitorTeamId": "16"
    },
    "48762": {
        "gameId": "48762",
        "date": "2019-02-11T00:00:00.000Z",
        "home_team_score": "121",
        "visitor_team_score": "112",
        "homeTeamId": "9",
        "visitorTeamId": "30"
    },
    "48745": {
        "gameId": "48745",
        "date": "2019-02-08T00:00:00.000Z",
        "home_team_score": "122",
        "visitor_team_score": "117",
        "homeTeamId": "19",
        "visitorTeamId": "18"
    },
    "48748": {
        "gameId": "48748",
        "date": "2019-02-09T00:00:00.000Z",
        "home_team_score": "105",
        "visitor_team_score": "90",
        "homeTeamId": "12",
        "visitorTeamId": "6"
    },
    "48749": {
        "gameId": "48749",
        "date": "2019-02-09T00:00:00.000Z",
        "home_team_score": "120",
        "visitor_team_score": "129",
        "homeTeamId": "1",
        "visitorTeamId": "4"
    },
    "48747": {
        "gameId": "48747",
        "date": "2019-02-09T00:00:00.000Z",
        "home_team_score": "125",
        "visitor_team_score": "105",
        "homeTeamId": "29",
        "visitorTeamId": "27"
    },
    "48752": {
        "gameId": "48752",
        "date": "2019-02-09T00:00:00.000Z",
        "home_team_score": "125",
        "visitor_team_score": "134",
        "homeTeamId": "5",
        "visitorTeamId": "30"
    },
    "48756": {
        "gameId": "48756",
        "date": "2019-02-10T00:00:00.000Z",
        "home_team_score": "102",
        "visitor_team_score": "101",
        "homeTeamId": "7",
        "visitorTeamId": "25"
    },
    "48760": {
        "gameId": "48760",
        "date": "2019-02-10T00:00:00.000Z",
        "home_team_score": "143",
        "visitor_team_score": "120",
        "homeTeamId": "23",
        "visitorTeamId": "14"
    },
    "48757": {
        "gameId": "48757",
        "date": "2019-02-10T00:00:00.000Z",
        "home_team_score": "117",
        "visitor_team_score": "104",
        "homeTeamId": "26",
        "visitorTeamId": "24"
    },
    "48755": {
        "gameId": "48755",
        "date": "2019-02-09T00:00:00.000Z",
        "home_team_score": "83",
        "visitor_team_score": "103",
        "homeTeamId": "17",
        "visitorTeamId": "22"
    },
    "48754": {
        "gameId": "48754",
        "date": "2019-02-09T00:00:00.000Z",
        "home_team_score": "112",
        "visitor_team_score": "117",
        "homeTeamId": "11",
        "visitorTeamId": "21"
    },
    "48759": {
        "gameId": "48759",
        "date": "2019-02-10T00:00:00.000Z",
        "home_team_score": "120",
        "visitor_team_score": "118",
        "homeTeamId": "10",
        "visitorTeamId": "16"
    },
    "48758": {
        "gameId": "48758",
        "date": "2019-02-10T00:00:00.000Z",
        "home_team_score": "108",
        "visitor_team_score": "124",
        "homeTeamId": "1",
        "visitorTeamId": "22"
    },
    "48766": {
        "gameId": "48766",
        "date": "2019-02-11T00:00:00.000Z",
        "home_team_score": "120",
        "visitor_team_score": "104",
        "homeTeamId": "11",
        "visitorTeamId": "7"
    },
    "48764": {
        "gameId": "48764",
        "date": "2019-02-11T00:00:00.000Z",
        "home_team_score": "127",
        "visitor_team_score": "125",
        "homeTeamId": "28",
        "visitorTeamId": "3"
    },
    "48770": {
        "gameId": "48770",
        "date": "2019-02-12T00:00:00.000Z",
        "home_team_score": "117",
        "visitor_team_score": "113",
        "homeTeamId": "1",
        "visitorTeamId": "14"
    },
    "48763": {
        "gameId": "48763",
        "date": "2019-02-11T00:00:00.000Z",
        "home_team_score": "99",
        "visitor_team_score": "90",
        "homeTeamId": "12",
        "visitorTeamId": "4"
    },
    "48765": {
        "gameId": "48765",
        "date": "2019-02-11T00:00:00.000Z",
        "home_team_score": "99",
        "visitor_team_score": "112",
        "homeTeamId": "5",
        "visitorTeamId": "17"
    },
    "48774": {
        "gameId": "48774",
        "date": "2019-02-12T00:00:00.000Z",
        "home_team_score": "115",
        "visitor_team_score": "108",
        "homeTeamId": "10",
        "visitorTeamId": "29"
    },
    "48772": {
        "gameId": "48772",
        "date": "2019-02-12T00:00:00.000Z",
        "home_team_score": "107",
        "visitor_team_score": "108",
        "homeTeamId": "15",
        "visitorTeamId": "27"
    },
    "48775": {
        "gameId": "48775",
        "date": "2019-02-13T00:00:00.000Z",
        "home_team_score": "139",
        "visitor_team_score": "148",
        "homeTeamId": "6",
        "visitorTeamId": "3"
    },
    "48771": {
        "gameId": "48771",
        "date": "2019-02-12T00:00:00.000Z",
        "home_team_score": "109",
        "visitor_team_score": "112",
        "homeTeamId": "23",
        "visitorTeamId": "2"
    },
    "48773": {
        "gameId": "48773",
        "date": "2019-02-12T00:00:00.000Z",
        "home_team_score": "88",
        "visitor_team_score": "118",
        "homeTeamId": "19",
        "visitorTeamId": "22"
    },
    "48781": {
        "gameId": "48781",
        "date": "2019-02-13T00:00:00.000Z",
        "home_team_score": "121",
        "visitor_team_score": "111",
        "homeTeamId": "18",
        "visitorTeamId": "11"
    },
    "48787": {
        "gameId": "48787",
        "date": "2019-02-14T00:00:00.000Z",
        "home_team_score": "131",
        "visitor_team_score": "122",
        "homeTeamId": "19",
        "visitorTeamId": "21"
    },
    "48776": {
        "gameId": "48776",
        "date": "2019-02-13T00:00:00.000Z",
        "home_team_score": "97",
        "visitor_team_score": "106",
        "homeTeamId": "12",
        "visitorTeamId": "17"
    },
    "48777": {
        "gameId": "48777",
        "date": "2019-02-13T00:00:00.000Z",
        "home_team_score": "118",
        "visitor_team_score": "110",
        "homeTeamId": "2",
        "visitorTeamId": "9"
    },
    "48778": {
        "gameId": "48778",
        "date": "2019-02-13T00:00:00.000Z",
        "home_team_score": "111",
        "visitor_team_score": "126",
        "homeTeamId": "20",
        "visitorTeamId": "23"
    },
    "48780": {
        "gameId": "48780",
        "date": "2019-02-13T00:00:00.000Z",
        "home_team_score": "122",
        "visitor_team_score": "110",
        "homeTeamId": "5",
        "visitorTeamId": "15"
    },
    "48793": {
        "gameId": "48793",
        "date": "2019-02-21T00:00:00.000Z",
        "home_team_score": "98",
        "visitor_team_score": "97",
        "homeTeamId": "17",
        "visitorTeamId": "2"
    },
    "48806": {
        "gameId": "48806",
        "date": "2019-02-23T00:00:00.000Z",
        "home_team_score": "112",
        "visitor_team_score": "107",
        "homeTeamId": "6",
        "visitorTeamId": "15"
    },
    "48796": {
        "gameId": "48796",
        "date": "2019-02-22T00:00:00.000Z",
        "home_team_score": "109",
        "visitor_team_score": "110",
        "homeTeamId": "22",
        "visitorTeamId": "5"
    },
    "48779": {
        "gameId": "48779",
        "date": "2019-02-13T00:00:00.000Z",
        "home_team_score": "129",
        "visitor_team_score": "120",
        "homeTeamId": "28",
        "visitorTeamId": "30"
    },
    "48782": {
        "gameId": "48782",
        "date": "2019-02-13T00:00:00.000Z",
        "home_team_score": "101",
        "visitor_team_score": "112",
        "homeTeamId": "7",
        "visitorTeamId": "16"
    },
    "48784": {
        "gameId": "48784",
        "date": "2019-02-13T00:00:00.000Z",
        "home_team_score": "129",
        "visitor_team_score": "107",
        "homeTeamId": "25",
        "visitorTeamId": "10"
    },
    "48791": {
        "gameId": "48791",
        "date": "2019-02-21T00:00:00.000Z",
        "home_team_score": "106",
        "visitor_team_score": "102",
        "homeTeamId": "23",
        "visitorTeamId": "16"
    },
    "48795": {
        "gameId": "48795",
        "date": "2019-02-21T00:00:00.000Z",
        "home_team_score": "111",
        "visitor_team_score": "106",
        "homeTeamId": "14",
        "visitorTeamId": "11"
    },
    "48834": {
        "gameId": "48834",
        "date": "2019-02-27T00:00:00.000Z",
        "home_team_score": "113",
        "visitor_team_score": "118",
        "homeTeamId": "4",
        "visitorTeamId": "11"
    },
    "48802": {
        "gameId": "48802",
        "date": "2019-02-22T00:00:00.000Z",
        "home_team_score": "106",
        "visitor_team_score": "112",
        "homeTeamId": "15",
        "visitorTeamId": "13"
    },
    "48829": {
        "gameId": "48829",
        "date": "2019-02-25T00:00:00.000Z",
        "home_team_score": "110",
        "visitor_team_score": "111",
        "homeTeamId": "19",
        "visitorTeamId": "23"
    },
    "48833": {
        "gameId": "48833",
        "date": "2019-02-26T00:00:00.000Z",
        "home_team_score": "121",
        "visitor_team_score": "112",
        "homeTeamId": "8",
        "visitorTeamId": "21"
    },
    "48844": {
        "gameId": "48844",
        "date": "2019-02-27T00:00:00.000Z",
        "home_team_score": "125",
        "visitor_team_score": "119",
        "homeTeamId": "14",
        "visitorTeamId": "19"
    },
    "48859": {
        "gameId": "48859",
        "date": "2019-03-02T00:00:00.000Z",
        "home_team_score": "112",
        "visitor_team_score": "117",
        "homeTeamId": "12",
        "visitorTeamId": "22"
    },
    "48845": {
        "gameId": "48845",
        "date": "2019-02-28T00:00:00.000Z",
        "home_team_score": "122",
        "visitor_team_score": "115",
        "homeTeamId": "12",
        "visitorTeamId": "18"
    },
    "48856": {
        "gameId": "48856",
        "date": "2019-03-01T00:00:00.000Z",
        "home_team_score": "109",
        "visitor_team_score": "116",
        "homeTeamId": "26",
        "visitorTeamId": "13"
    },
    "48872": {
        "gameId": "48872",
        "date": "2019-03-03T00:00:00.000Z",
        "home_team_score": "112",
        "visitor_team_score": "107",
        "homeTeamId": "9",
        "visitorTeamId": "28"
    },
    "48875": {
        "gameId": "48875",
        "date": "2019-03-04T00:00:00.000Z",
        "home_team_score": "127",
        "visitor_team_score": "88",
        "homeTeamId": "3",
        "visitorTeamId": "7"
    },
    "48887": {
        "gameId": "48887",
        "date": "2019-03-05T00:00:00.000Z",
        "home_team_score": "95",
        "visitor_team_score": "128",
        "homeTeamId": "10",
        "visitorTeamId": "2"
    },
    "48897": {
        "gameId": "48897",
        "date": "2019-03-06T00:00:00.000Z",
        "home_team_score": "99",
        "visitor_team_score": "115",
        "homeTeamId": "14",
        "visitorTeamId": "8"
    },
    "48890": {
        "gameId": "48890",
        "date": "2019-03-06T00:00:00.000Z",
        "home_team_score": "132",
        "visitor_team_score": "123",
        "homeTeamId": "30",
        "visitorTeamId": "7"
    },
    "48907": {
        "gameId": "48907",
        "date": "2019-03-08T00:00:00.000Z",
        "home_team_score": "122",
        "visitor_team_score": "105",
        "homeTeamId": "10",
        "visitorTeamId": "8"
    },
    "48903": {
        "gameId": "48903",
        "date": "2019-03-08T00:00:00.000Z",
        "home_team_score": "126",
        "visitor_team_score": "110",
        "homeTeamId": "16",
        "visitorTeamId": "6"
    },
    "48910": {
        "gameId": "48910",
        "date": "2019-03-09T00:00:00.000Z",
        "home_team_score": "112",
        "visitor_team_score": "114",
        "homeTeamId": "1",
        "visitorTeamId": "3"
    },
    "48937": {
        "gameId": "48937",
        "date": "2019-03-13T00:00:00.000Z",
        "home_team_score": "100",
        "visitor_team_score": "90",
        "homeTeamId": "30",
        "visitorTeamId": "22"
    },
    "48913": {
        "gameId": "48913",
        "date": "2019-03-09T00:00:00.000Z",
        "home_team_score": "131",
        "visitor_team_score": "114",
        "homeTeamId": "17",
        "visitorTeamId": "4"
    },
    "48919": {
        "gameId": "48919",
        "date": "2019-03-10T00:00:00.000Z",
        "home_team_score": "105",
        "visitor_team_score": "97",
        "homeTeamId": "15",
        "visitorTeamId": "22"
    },
    "48915": {
        "gameId": "48915",
        "date": "2019-03-10T00:00:00.000Z",
        "home_team_score": "131",
        "visitor_team_score": "108",
        "homeTeamId": "9",
        "visitorTeamId": "5"
    },
    "48925": {
        "gameId": "48925",
        "date": "2019-03-11T00:00:00.000Z",
        "home_team_score": "121",
        "visitor_team_score": "115",
        "homeTeamId": "30",
        "visitorTeamId": "26"
    },
    "48921": {
        "gameId": "48921",
        "date": "2019-03-10T00:00:00.000Z",
        "home_team_score": "103",
        "visitor_team_score": "92",
        "homeTeamId": "18",
        "visitorTeamId": "20"
    },
    "48932": {
        "gameId": "48932",
        "date": "2019-03-12T00:00:00.000Z",
        "home_team_score": "107",
        "visitor_team_score": "123",
        "homeTeamId": "5",
        "visitorTeamId": "14"
    },
    "48959": {
        "gameId": "48959",
        "date": "2019-03-16T00:00:00.000Z",
        "home_team_score": "121",
        "visitor_team_score": "116",
        "homeTeamId": "7",
        "visitorTeamId": "6"
    },
    "48947": {
        "gameId": "48947",
        "date": "2019-03-14T00:00:00.000Z",
        "home_team_score": "120",
        "visitor_team_score": "100",
        "homeTeamId": "29",
        "visitorTeamId": "18"
    },
    "48950": {
        "gameId": "48950",
        "date": "2019-03-15T00:00:00.000Z",
        "home_team_score": "123",
        "visitor_team_score": "114",
        "homeTeamId": "23",
        "visitorTeamId": "26"
    },
    "49001": {
        "gameId": "49001",
        "date": "2019-03-21T00:00:00.000Z",
        "home_team_score": "98",
        "visitor_team_score": "118",
        "homeTeamId": "24",
        "visitorTeamId": "9"
    },
    "48970": {
        "gameId": "48970",
        "date": "2019-03-17T00:00:00.000Z",
        "home_team_score": "129",
        "visitor_team_score": "102",
        "homeTeamId": "26",
        "visitorTeamId": "5"
    },
    "48977": {
        "gameId": "48977",
        "date": "2019-03-18T00:00:00.000Z",
        "home_team_score": "107",
        "visitor_team_score": "116",
        "homeTeamId": "21",
        "visitorTeamId": "16"
    },
    "48995": {
        "gameId": "48995",
        "date": "2019-03-20T00:00:00.000Z",
        "home_team_score": "114",
        "visitor_team_score": "123",
        "homeTeamId": "21",
        "visitorTeamId": "28"
    },
    "49007": {
        "gameId": "49007",
        "date": "2019-03-22T00:00:00.000Z",
        "home_team_score": "111",
        "visitor_team_score": "105",
        "homeTeamId": "11",
        "visitorTeamId": "27"
    },
    "49062": {
        "gameId": "49062",
        "date": "2019-03-30T00:00:00.000Z",
        "home_team_score": "99",
        "visitor_team_score": "90",
        "homeTeamId": "9",
        "visitorTeamId": "25"
    },
    "49013": {
        "gameId": "49013",
        "date": "2019-03-23T00:00:00.000Z",
        "home_team_score": "83",
        "visitor_team_score": "114",
        "homeTeamId": "5",
        "visitorTeamId": "29"
    },
    "49022": {
        "gameId": "49022",
        "date": "2019-03-24T00:00:00.000Z",
        "home_team_score": "90",
        "visitor_team_score": "113",
        "homeTeamId": "19",
        "visitorTeamId": "11"
    },
    "49026": {
        "gameId": "49026",
        "date": "2019-03-25T00:00:00.000Z",
        "home_team_score": "119",
        "visitor_team_score": "98",
        "homeTeamId": "22",
        "visitorTeamId": "23"
    },
    "49033": {
        "gameId": "49033",
        "date": "2019-03-26T00:00:00.000Z",
        "home_team_score": "112",
        "visitor_team_score": "103",
        "homeTeamId": "28",
        "visitorTeamId": "5"
    },
    "49052": {
        "gameId": "49052",
        "date": "2019-03-28T00:00:00.000Z",
        "home_team_score": "116",
        "visitor_team_score": "110",
        "homeTeamId": "27",
        "visitorTeamId": "6"
    },
    "49058": {
        "gameId": "49058",
        "date": "2019-03-29T00:00:00.000Z",
        "home_team_score": "129",
        "visitor_team_score": "115",
        "homeTeamId": "14",
        "visitorTeamId": "4"
    },
    "49070": {
        "gameId": "49070",
        "date": "2019-03-31T00:00:00.000Z",
        "home_team_score": "102",
        "visitor_team_score": "130",
        "homeTeamId": "19",
        "visitorTeamId": "14"
    },
    "49076": {
        "gameId": "49076",
        "date": "2019-04-01T00:00:00.000Z",
        "home_team_score": "110",
        "visitor_team_score": "105",
        "homeTeamId": "2",
        "visitorTeamId": "16"
    },
    "49085": {
        "gameId": "49085",
        "date": "2019-04-02T00:00:00.000Z",
        "home_team_score": "117",
        "visitor_team_score": "111",
        "homeTeamId": "27",
        "visitorTeamId": "1"
    },
    "49101": {
        "gameId": "49101",
        "date": "2019-04-04T00:00:00.000Z",
        "home_team_score": "90",
        "visitor_team_score": "108",
        "homeTeamId": "14",
        "visitorTeamId": "10"
    },
    "49098": {
        "gameId": "49098",
        "date": "2019-04-03T00:00:00.000Z",
        "home_team_score": "116",
        "visitor_team_score": "89",
        "homeTeamId": "25",
        "visitorTeamId": "15"
    },
    "49089": {
        "gameId": "49089",
        "date": "2019-04-03T00:00:00.000Z",
        "home_team_score": "114",
        "visitor_team_score": "100",
        "homeTeamId": "22",
        "visitorTeamId": "20"
    },
    "49113": {
        "gameId": "49113",
        "date": "2019-04-05T00:00:00.000Z",
        "home_team_score": "119",
        "visitor_team_score": "110",
        "homeTeamId": "8",
        "visitorTeamId": "25"
    },
    "49130": {
        "gameId": "49130",
        "date": "2019-04-07T00:00:00.000Z",
        "home_team_score": "129",
        "visitor_team_score": "133",
        "homeTeamId": "26",
        "visitorTeamId": "19"
    },
    "49104": {
        "gameId": "49104",
        "date": "2019-04-05T00:00:00.000Z",
        "home_team_score": "149",
        "visitor_team_score": "113",
        "homeTeamId": "22",
        "visitorTeamId": "1"
    },
    "49120": {
        "gameId": "49120",
        "date": "2019-04-07T00:00:00.000Z",
        "home_team_score": "126",
        "visitor_team_score": "132",
        "homeTeamId": "18",
        "visitorTeamId": "21"
    },
    "49133": {
        "gameId": "49133",
        "date": "2019-04-09T00:00:00.000Z",
        "home_team_score": "97",
        "visitor_team_score": "124",
        "homeTeamId": "6",
        "visitorTeamId": "4"
    },
    "49142": {
        "gameId": "49142",
        "date": "2019-04-09T00:00:00.000Z",
        "home_team_score": "101",
        "visitor_team_score": "104",
        "homeTeamId": "14",
        "visitorTeamId": "25"
    },
    "49143": {
        "gameId": "49143",
        "date": "2019-04-10T00:00:00.000Z",
        "home_team_score": "134",
        "visitor_team_score": "135",
        "homeTeamId": "1",
        "visitorTeamId": "12"
    },
    "48788": {
        "gameId": "48788",
        "date": "2019-02-14T00:00:00.000Z",
        "home_team_score": "127",
        "visitor_team_score": "89",
        "homeTeamId": "22",
        "visitorTeamId": "4"
    },
    "48783": {
        "gameId": "48783",
        "date": "2019-02-13T00:00:00.000Z",
        "home_team_score": "120",
        "visitor_team_score": "118",
        "homeTeamId": "8",
        "visitorTeamId": "26"
    },
    "48807": {
        "gameId": "48807",
        "date": "2019-02-23T00:00:00.000Z",
        "home_team_score": "112",
        "visitor_team_score": "119",
        "homeTeamId": "30",
        "visitorTeamId": "12"
    },
    "48792": {
        "gameId": "48792",
        "date": "2019-02-21T00:00:00.000Z",
        "home_team_score": "99",
        "visitor_team_score": "113",
        "homeTeamId": "3",
        "visitorTeamId": "25"
    },
    "48790": {
        "gameId": "48790",
        "date": "2019-02-21T00:00:00.000Z",
        "home_team_score": "111",
        "visitor_team_score": "98",
        "homeTeamId": "6",
        "visitorTeamId": "24"
    },
    "48837": {
        "gameId": "48837",
        "date": "2019-02-27T00:00:00.000Z",
        "home_team_score": "116",
        "visitor_team_score": "125",
        "homeTeamId": "3",
        "visitorTeamId": "30"
    },
    "48799": {
        "gameId": "48799",
        "date": "2019-02-22T00:00:00.000Z",
        "home_team_score": "126",
        "visitor_team_score": "111",
        "homeTeamId": "12",
        "visitorTeamId": "19"
    },
    "48800": {
        "gameId": "48800",
        "date": "2019-02-22T00:00:00.000Z",
        "home_team_score": "104",
        "visitor_team_score": "115",
        "homeTeamId": "20",
        "visitorTeamId": "18"
    },
    "48798": {
        "gameId": "48798",
        "date": "2019-02-22T00:00:00.000Z",
        "home_team_score": "123",
        "visitor_team_score": "110",
        "homeTeamId": "4",
        "visitorTeamId": "30"
    },
    "48825": {
        "gameId": "48825",
        "date": "2019-02-25T00:00:00.000Z",
        "home_team_score": "101",
        "visitor_team_score": "85",
        "homeTeamId": "3",
        "visitorTeamId": "27"
    },
    "48797": {
        "gameId": "48797",
        "date": "2019-02-22T00:00:00.000Z",
        "home_team_score": "120",
        "visitor_team_score": "117",
        "homeTeamId": "28",
        "visitorTeamId": "27"
    },
    "48803": {
        "gameId": "48803",
        "date": "2019-02-22T00:00:00.000Z",
        "home_team_score": "104",
        "visitor_team_score": "114",
        "homeTeamId": "7",
        "visitorTeamId": "8"
    },
    "48805": {
        "gameId": "48805",
        "date": "2019-02-23T00:00:00.000Z",
        "home_team_score": "115",
        "visitor_team_score": "117",
        "homeTeamId": "4",
        "visitorTeamId": "3"
    },
    "48823": {
        "gameId": "48823",
        "date": "2019-02-25T00:00:00.000Z",
        "home_team_score": "121",
        "visitor_team_score": "124",
        "homeTeamId": "16",
        "visitorTeamId": "24"
    },
    "48810": {
        "gameId": "48810",
        "date": "2019-02-23T00:00:00.000Z",
        "home_team_score": "128",
        "visitor_team_score": "115",
        "homeTeamId": "19",
        "visitorTeamId": "14"
    },
    "48811": {
        "gameId": "48811",
        "date": "2019-02-23T00:00:00.000Z",
        "home_team_score": "126",
        "visitor_team_score": "116",
        "homeTeamId": "5",
        "visitorTeamId": "2"
    },
    "48828": {
        "gameId": "48828",
        "date": "2019-02-25T00:00:00.000Z",
        "home_team_score": "112",
        "visitor_team_score": "105",
        "homeTeamId": "18",
        "visitorTeamId": "26"
    },
    "48842": {
        "gameId": "48842",
        "date": "2019-02-27T00:00:00.000Z",
        "home_team_score": "111",
        "visitor_team_score": "105",
        "homeTeamId": "29",
        "visitorTeamId": "13"
    },
    "48839": {
        "gameId": "48839",
        "date": "2019-02-27T00:00:00.000Z",
        "home_team_score": "107",
        "visitor_team_score": "109",
        "homeTeamId": "15",
        "visitorTeamId": "5"
    },
    "48850": {
        "gameId": "48850",
        "date": "2019-02-28T00:00:00.000Z",
        "home_team_score": "104",
        "visitor_team_score": "108",
        "homeTeamId": "21",
        "visitorTeamId": "23"
    },
    "48827": {
        "gameId": "48827",
        "date": "2019-02-25T00:00:00.000Z",
        "home_team_score": "110",
        "visitor_team_score": "105",
        "homeTeamId": "15",
        "visitorTeamId": "14"
    },
    "48857": {
        "gameId": "48857",
        "date": "2019-03-01T00:00:00.000Z",
        "home_team_score": "120",
        "visitor_team_score": "131",
        "homeTeamId": "14",
        "visitorTeamId": "17"
    },
    "48838": {
        "gameId": "48838",
        "date": "2019-02-27T00:00:00.000Z",
        "home_team_score": "126",
        "visitor_team_score": "125",
        "homeTeamId": "16",
        "visitorTeamId": "10"
    },
    "48851": {
        "gameId": "48851",
        "date": "2019-03-01T00:00:00.000Z",
        "home_team_score": "161",
        "visitor_team_score": "168",
        "homeTeamId": "1",
        "visitorTeamId": "5"
    },
    "48849": {
        "gameId": "48849",
        "date": "2019-02-28T00:00:00.000Z",
        "home_team_score": "104",
        "visitor_team_score": "111",
        "homeTeamId": "8",
        "visitorTeamId": "29"
    },
    "48864": {
        "gameId": "48864",
        "date": "2019-03-02T00:00:00.000Z",
        "home_team_score": "112",
        "visitor_team_score": "120",
        "homeTeamId": "8",
        "visitorTeamId": "19"
    },
    "48858": {
        "gameId": "48858",
        "date": "2019-03-02T00:00:00.000Z",
        "home_team_score": "93",
        "visitor_team_score": "129",
        "homeTeamId": "6",
        "visitorTeamId": "9"
    },
    "48855": {
        "gameId": "48855",
        "date": "2019-03-01T00:00:00.000Z",
        "home_team_score": "116",
        "visitor_team_score": "130",
        "homeTeamId": "24",
        "visitorTeamId": "19"
    },
    "48869": {
        "gameId": "48869",
        "date": "2019-03-03T00:00:00.000Z",
        "home_team_score": "118",
        "visitor_team_score": "123",
        "homeTeamId": "5",
        "visitorTeamId": "1"
    },
    "48860": {
        "gameId": "48860",
        "date": "2019-03-02T00:00:00.000Z",
        "home_team_score": "117",
        "visitor_team_score": "88",
        "homeTeamId": "16",
        "visitorTeamId": "3"
    },
    "48866": {
        "gameId": "48866",
        "date": "2019-03-02T00:00:00.000Z",
        "home_team_score": "115",
        "visitor_team_score": "111",
        "homeTeamId": "29",
        "visitorTeamId": "17"
    },
    "48873": {
        "gameId": "48873",
        "date": "2019-03-03T00:00:00.000Z",
        "home_team_score": "135",
        "visitor_team_score": "121",
        "homeTeamId": "30",
        "visitorTeamId": "18"
    },
    "48879": {
        "gameId": "48879",
        "date": "2019-03-04T00:00:00.000Z",
        "home_team_score": "112",
        "visitor_team_score": "115",
        "homeTeamId": "29",
        "visitorTeamId": "19"
    },
    "48870": {
        "gameId": "48870",
        "date": "2019-03-03T00:00:00.000Z",
        "home_team_score": "128",
        "visitor_team_score": "107",
        "homeTeamId": "13",
        "visitorTeamId": "20"
    },
    "48877": {
        "gameId": "48877",
        "date": "2019-03-04T00:00:00.000Z",
        "home_team_score": "104",
        "visitor_team_score": "103",
        "homeTeamId": "27",
        "visitorTeamId": "8"
    },
    "48882": {
        "gameId": "48882",
        "date": "2019-03-05T00:00:00.000Z",
        "home_team_score": "105",
        "visitor_team_score": "96",
        "homeTeamId": "12",
        "visitorTeamId": "5"
    },
    "48881": {
        "gameId": "48881",
        "date": "2019-03-04T00:00:00.000Z",
        "home_team_score": "105",
        "visitor_team_score": "113",
        "homeTeamId": "14",
        "visitorTeamId": "13"
    },
    "48883": {
        "gameId": "48883",
        "date": "2019-03-05T00:00:00.000Z",
        "home_team_score": "114",
        "visitor_team_score": "106",
        "homeTeamId": "23",
        "visitorTeamId": "22"
    },
    "48884": {
        "gameId": "48884",
        "date": "2019-03-05T00:00:00.000Z",
        "home_team_score": "95",
        "visitor_team_score": "107",
        "homeTeamId": "28",
        "visitorTeamId": "11"
    },
    "48896": {
        "gameId": "48896",
        "date": "2019-03-06T00:00:00.000Z",
        "home_team_score": "109",
        "visitor_team_score": "111",
        "homeTeamId": "26",
        "visitorTeamId": "2"
    },
    "48920": {
        "gameId": "48920",
        "date": "2019-03-10T00:00:00.000Z",
        "home_team_score": "93",
        "visitor_team_score": "94",
        "homeTeamId": "7",
        "visitorTeamId": "11"
    },
    "48902": {
        "gameId": "48902",
        "date": "2019-03-08T00:00:00.000Z",
        "home_team_score": "104",
        "visitor_team_score": "112",
        "homeTeamId": "5",
        "visitorTeamId": "9"
    },
    "48909": {
        "gameId": "48909",
        "date": "2019-03-09T00:00:00.000Z",
        "home_team_score": "94",
        "visitor_team_score": "102",
        "homeTeamId": "20",
        "visitorTeamId": "26"
    },
    "48929": {
        "gameId": "48929",
        "date": "2019-03-11T00:00:00.000Z",
        "home_team_score": "140",
        "visitor_team_score": "115",
        "homeTeamId": "13",
        "visitorTeamId": "2"
    },
    "48940": {
        "gameId": "48940",
        "date": "2019-03-13T00:00:00.000Z",
        "home_team_score": "132",
        "visitor_team_score": "111",
        "homeTeamId": "1",
        "visitorTeamId": "15"
    },
    "48922": {
        "gameId": "48922",
        "date": "2019-03-10T00:00:00.000Z",
        "home_team_score": "121",
        "visitor_team_score": "114",
        "homeTeamId": "27",
        "visitorTeamId": "17"
    },
    "48926": {
        "gameId": "48926",
        "date": "2019-03-11T00:00:00.000Z",
        "home_team_score": "103",
        "visitor_team_score": "75",
        "homeTeamId": "3",
        "visitorTeamId": "9"
    },
    "48930": {
        "gameId": "48930",
        "date": "2019-03-12T00:00:00.000Z",
        "home_team_score": "103",
        "visitor_team_score": "98",
        "homeTeamId": "12",
        "visitorTeamId": "20"
    },
    "48933": {
        "gameId": "48933",
        "date": "2019-03-12T00:00:00.000Z",
        "home_team_score": "113",
        "visitor_team_score": "130",
        "homeTeamId": "19",
        "visitorTeamId": "17"
    },
    "48934": {
        "gameId": "48934",
        "date": "2019-03-12T00:00:00.000Z",
        "home_team_score": "105",
        "visitor_team_score": "112",
        "homeTeamId": "7",
        "visitorTeamId": "27"
    },
    "48942": {
        "gameId": "48942",
        "date": "2019-03-13T00:00:00.000Z",
        "home_team_score": "97",
        "visitor_team_score": "114",
        "homeTeamId": "24",
        "visitorTeamId": "29"
    },
    "48945": {
        "gameId": "48945",
        "date": "2019-03-14T00:00:00.000Z",
        "home_team_score": "126",
        "visitor_team_score": "120",
        "homeTeamId": "2",
        "visitorTeamId": "26"
    },
    "48944": {
        "gameId": "48944",
        "date": "2019-03-14T00:00:00.000Z",
        "home_team_score": "120",
        "visitor_team_score": "91",
        "homeTeamId": "22",
        "visitorTeamId": "6"
    },
    "48955": {
        "gameId": "48955",
        "date": "2019-03-15T00:00:00.000Z",
        "home_team_score": "109",
        "visitor_team_score": "83",
        "homeTeamId": "27",
        "visitorTeamId": "20"
    },
    "48951": {
        "gameId": "48951",
        "date": "2019-03-15T00:00:00.000Z",
        "home_team_score": "110",
        "visitor_team_score": "116",
        "homeTeamId": "30",
        "visitorTeamId": "4"
    },
    "48958": {
        "gameId": "48958",
        "date": "2019-03-16T00:00:00.000Z",
        "home_team_score": "136",
        "visitor_team_score": "138",
        "homeTeamId": "19",
        "visitorTeamId": "24"
    },
    "48960": {
        "gameId": "48960",
        "date": "2019-03-16T00:00:00.000Z",
        "home_team_score": "88",
        "visitor_team_score": "110",
        "homeTeamId": "21",
        "visitorTeamId": "10"
    },
    "48952": {
        "gameId": "48952",
        "date": "2019-03-15T00:00:00.000Z",
        "home_team_score": "98",
        "visitor_team_score": "113",
        "homeTeamId": "16",
        "visitorTeamId": "17"
    },
    "48961": {
        "gameId": "48961",
        "date": "2019-03-16T00:00:00.000Z",
        "home_team_score": "108",
        "visitor_team_score": "103",
        "homeTeamId": "27",
        "visitorTeamId": "25"
    },
    "48965": {
        "gameId": "48965",
        "date": "2019-03-17T00:00:00.000Z",
        "home_team_score": "124",
        "visitor_team_score": "123",
        "homeTeamId": "20",
        "visitorTeamId": "14"
    },
    "48967": {
        "gameId": "48967",
        "date": "2019-03-17T00:00:00.000Z",
        "home_team_score": "125",
        "visitor_team_score": "130",
        "homeTeamId": "17",
        "visitorTeamId": "23"
    },
    "48973": {
        "gameId": "48973",
        "date": "2019-03-18T00:00:00.000Z",
        "home_team_score": "126",
        "visitor_team_score": "119",
        "homeTeamId": "6",
        "visitorTeamId": "9"
    },
    "48990": {
        "gameId": "48990",
        "date": "2019-03-20T00:00:00.000Z",
        "home_team_score": "118",
        "visitor_team_score": "115",
        "homeTeamId": "23",
        "visitorTeamId": "2"
    },
    "48980": {
        "gameId": "48980",
        "date": "2019-03-18T00:00:00.000Z",
        "home_team_score": "101",
        "visitor_team_score": "116",
        "homeTeamId": "24",
        "visitorTeamId": "5"
    },
    "48975": {
        "gameId": "48975",
        "date": "2019-03-18T00:00:00.000Z",
        "home_team_score": "105",
        "visitor_team_score": "114",
        "homeTeamId": "2",
        "visitorTeamId": "8"
    },
    "48981": {
        "gameId": "48981",
        "date": "2019-03-18T00:00:00.000Z",
        "home_team_score": "106",
        "visitor_team_score": "98",
        "homeTeamId": "25",
        "visitorTeamId": "12"
    },
    "48982": {
        "gameId": "48982",
        "date": "2019-03-19T00:00:00.000Z",
        "home_team_score": "105",
        "visitor_team_score": "121",
        "homeTeamId": "1",
        "visitorTeamId": "11"
    },
    "48983": {
        "gameId": "48983",
        "date": "2019-03-19T00:00:00.000Z",
        "home_team_score": "115",
        "visitor_team_score": "101",
        "homeTeamId": "17",
        "visitorTeamId": "14"
    },
    "48986": {
        "gameId": "48986",
        "date": "2019-03-19T00:00:00.000Z",
        "home_team_score": "115",
        "visitor_team_score": "109",
        "homeTeamId": "13",
        "visitorTeamId": "12"
    },
    "48992": {
        "gameId": "48992",
        "date": "2019-03-20T00:00:00.000Z",
        "home_team_score": "126",
        "visitor_team_score": "120",
        "homeTeamId": "5",
        "visitorTeamId": "30"
    },
    "48993": {
        "gameId": "48993",
        "date": "2019-03-20T00:00:00.000Z",
        "home_team_score": "126",
        "visitor_team_score": "125",
        "homeTeamId": "15",
        "visitorTeamId": "11"
    },
    "48998": {
        "gameId": "48998",
        "date": "2019-03-21T00:00:00.000Z",
        "home_team_score": "108",
        "visitor_team_score": "113",
        "homeTeamId": "30",
        "visitorTeamId": "8"
    },
    "49020": {
        "gameId": "49020",
        "date": "2019-03-24T00:00:00.000Z",
        "home_team_score": "124",
        "visitor_team_score": "88",
        "homeTeamId": "12",
        "visitorTeamId": "8"
    },
    "49005": {
        "gameId": "49005",
        "date": "2019-03-22T00:00:00.000Z",
        "home_team_score": "93",
        "visitor_team_score": "111",
        "homeTeamId": "20",
        "visitorTeamId": "8"
    },
    "49009": {
        "gameId": "49009",
        "date": "2019-03-22T00:00:00.000Z",
        "home_team_score": "106",
        "visitor_team_score": "111",
        "homeTeamId": "14",
        "visitorTeamId": "3"
    },
    "49027": {
        "gameId": "49027",
        "date": "2019-03-25T00:00:00.000Z",
        "home_team_score": "115",
        "visitor_team_score": "103",
        "homeTeamId": "15",
        "visitorTeamId": "21"
    },
    "49014": {
        "gameId": "49014",
        "date": "2019-03-23T00:00:00.000Z",
        "home_team_score": "99",
        "visitor_team_score": "112",
        "homeTeamId": "15",
        "visitorTeamId": "18"
    },
    "49015": {
        "gameId": "49015",
        "date": "2019-03-23T00:00:00.000Z",
        "home_team_score": "91",
        "visitor_team_score": "126",
        "homeTeamId": "10",
        "visitorTeamId": "7"
    },
    "49018": {
        "gameId": "49018",
        "date": "2019-03-24T00:00:00.000Z",
        "home_team_score": "113",
        "visitor_team_score": "124",
        "homeTeamId": "20",
        "visitorTeamId": "13"
    },
    "49031": {
        "gameId": "49031",
        "date": "2019-03-26T00:00:00.000Z",
        "home_team_score": "106",
        "visitor_team_score": "116",
        "homeTeamId": "6",
        "visitorTeamId": "2"
    },
    "49042": {
        "gameId": "49042",
        "date": "2019-03-27T00:00:00.000Z",
        "home_team_score": "115",
        "visitor_team_score": "100",
        "homeTeamId": "29",
        "visitorTeamId": "14"
    },
    "49037": {
        "gameId": "49037",
        "date": "2019-03-26T00:00:00.000Z",
        "home_team_score": "121",
        "visitor_team_score": "125",
        "homeTeamId": "7",
        "visitorTeamId": "26"
    },
    "49057": {
        "gameId": "49057",
        "date": "2019-03-29T00:00:00.000Z",
        "home_team_score": "128",
        "visitor_team_score": "124",
        "homeTeamId": "29",
        "visitorTeamId": "30"
    },
    "49047": {
        "gameId": "49047",
        "date": "2019-03-28T00:00:00.000Z",
        "home_team_score": "105",
        "visitor_team_score": "99",
        "homeTeamId": "16",
        "visitorTeamId": "7"
    },
    "49061": {
        "gameId": "49061",
        "date": "2019-03-30T00:00:00.000Z",
        "home_team_score": "119",
        "visitor_team_score": "108",
        "homeTeamId": "11",
        "visitorTeamId": "26"
    },
    "49074": {
        "gameId": "49074",
        "date": "2019-03-31T00:00:00.000Z",
        "home_team_score": "113",
        "visitor_team_score": "96",
        "homeTeamId": "13",
        "visitorTeamId": "15"
    },
    "49078": {
        "gameId": "49078",
        "date": "2019-04-01T00:00:00.000Z",
        "home_team_score": "113",
        "visitor_team_score": "105",
        "homeTeamId": "20",
        "visitorTeamId": "5"
    },
    "49139": {
        "gameId": "49139",
        "date": "2019-04-09T00:00:00.000Z",
        "home_team_score": "120",
        "visitor_team_score": "109",
        "homeTeamId": "7",
        "visitorTeamId": "24"
    },
    "49092": {
        "gameId": "49092",
        "date": "2019-04-03T00:00:00.000Z",
        "home_team_score": "105",
        "visitor_team_score": "115",
        "homeTeamId": "3",
        "visitorTeamId": "28"
    },
    "49109": {
        "gameId": "49109",
        "date": "2019-04-05T00:00:00.000Z",
        "home_team_score": "123",
        "visitor_team_score": "110",
        "homeTeamId": "21",
        "visitorTeamId": "9"
    },
    "49123": {
        "gameId": "49123",
        "date": "2019-04-07T00:00:00.000Z",
        "home_team_score": "127",
        "visitor_team_score": "129",
        "homeTeamId": "15",
        "visitorTeamId": "7"
    },
    "49150": {
        "gameId": "49150",
        "date": "2019-04-10T00:00:00.000Z",
        "home_team_score": "105",
        "visitor_team_score": "94",
        "homeTeamId": "27",
        "visitorTeamId": "7"
    },
    "48812": {
        "gameId": "48812",
        "date": "2019-02-23T00:00:00.000Z",
        "home_team_score": "116",
        "visitor_team_score": "119",
        "homeTeamId": "21",
        "visitorTeamId": "26"
    },
    "48821": {
        "gameId": "48821",
        "date": "2019-02-25T00:00:00.000Z",
        "home_team_score": "110",
        "visitor_team_score": "123",
        "homeTeamId": "6",
        "visitorTeamId": "25"
    },
    "48808": {
        "gameId": "48808",
        "date": "2019-02-23T00:00:00.000Z",
        "home_team_score": "115",
        "visitor_team_score": "130",
        "homeTeamId": "23",
        "visitorTeamId": "25"
    },
    "48817": {
        "gameId": "48817",
        "date": "2019-02-24T00:00:00.000Z",
        "home_team_score": "123",
        "visitor_team_score": "96",
        "homeTeamId": "8",
        "visitorTeamId": "13"
    },
    "48818": {
        "gameId": "48818",
        "date": "2019-02-24T00:00:00.000Z",
        "home_team_score": "130",
        "visitor_team_score": "118",
        "homeTeamId": "20",
        "visitorTeamId": "27"
    },
    "48822": {
        "gameId": "48822",
        "date": "2019-02-25T00:00:00.000Z",
        "home_team_score": "113",
        "visitor_team_score": "109",
        "homeTeamId": "9",
        "visitorTeamId": "12"
    },
    "48826": {
        "gameId": "48826",
        "date": "2019-02-25T00:00:00.000Z",
        "home_team_score": "119",
        "visitor_team_score": "111",
        "homeTeamId": "11",
        "visitorTeamId": "1"
    },
    "48854": {
        "gameId": "48854",
        "date": "2019-03-01T00:00:00.000Z",
        "home_team_score": "107",
        "visitor_team_score": "96",
        "homeTeamId": "2",
        "visitorTeamId": "30"
    },
    "48832": {
        "gameId": "48832",
        "date": "2019-02-26T00:00:00.000Z",
        "home_team_score": "118",
        "visitor_team_score": "95",
        "homeTeamId": "28",
        "visitorTeamId": "2"
    },
    "48840": {
        "gameId": "48840",
        "date": "2019-02-27T00:00:00.000Z",
        "home_team_score": "105",
        "visitor_team_score": "93",
        "homeTeamId": "27",
        "visitorTeamId": "9"
    },
    "48852": {
        "gameId": "48852",
        "date": "2019-03-01T00:00:00.000Z",
        "home_team_score": "112",
        "visitor_team_score": "123",
        "homeTeamId": "3",
        "visitorTeamId": "4"
    },
    "48847": {
        "gameId": "48847",
        "date": "2019-02-28T00:00:00.000Z",
        "home_team_score": "118",
        "visitor_team_score": "125",
        "homeTeamId": "20",
        "visitorTeamId": "6"
    },
    "48841": {
        "gameId": "48841",
        "date": "2019-02-27T00:00:00.000Z",
        "home_team_score": "110",
        "visitor_team_score": "101",
        "homeTeamId": "7",
        "visitorTeamId": "12"
    },
    "48836": {
        "gameId": "48836",
        "date": "2019-02-27T00:00:00.000Z",
        "home_team_score": "92",
        "visitor_team_score": "97",
        "homeTeamId": "2",
        "visitorTeamId": "25"
    },
    "48848": {
        "gameId": "48848",
        "date": "2019-02-28T00:00:00.000Z",
        "home_team_score": "121",
        "visitor_team_score": "118",
        "homeTeamId": "11",
        "visitorTeamId": "16"
    },
    "48867": {
        "gameId": "48867",
        "date": "2019-03-03T00:00:00.000Z",
        "home_team_score": "104",
        "visitor_team_score": "115",
        "homeTeamId": "2",
        "visitorTeamId": "11"
    },
    "48871": {
        "gameId": "48871",
        "date": "2019-03-03T00:00:00.000Z",
        "home_team_score": "107",
        "visitor_team_score": "93",
        "homeTeamId": "6",
        "visitorTeamId": "22"
    },
    "48878": {
        "gameId": "48878",
        "date": "2019-03-04T00:00:00.000Z",
        "home_team_score": "114",
        "visitor_team_score": "105",
        "homeTeamId": "24",
        "visitorTeamId": "17"
    },
    "48861": {
        "gameId": "48861",
        "date": "2019-03-02T00:00:00.000Z",
        "home_team_score": "117",
        "visitor_team_score": "120",
        "homeTeamId": "23",
        "visitorTeamId": "10"
    },
    "48863": {
        "gameId": "48863",
        "date": "2019-03-02T00:00:00.000Z",
        "home_team_score": "116",
        "visitor_team_score": "102",
        "homeTeamId": "27",
        "visitorTeamId": "21"
    },
    "48865": {
        "gameId": "48865",
        "date": "2019-03-02T00:00:00.000Z",
        "home_team_score": "118",
        "visitor_team_score": "109",
        "homeTeamId": "24",
        "visitorTeamId": "14"
    },
    "48874": {
        "gameId": "48874",
        "date": "2019-03-03T00:00:00.000Z",
        "home_team_score": "99",
        "visitor_team_score": "95",
        "homeTeamId": "21",
        "visitorTeamId": "15"
    },
    "48876": {
        "gameId": "48876",
        "date": "2019-03-04T00:00:00.000Z",
        "home_team_score": "114",
        "visitor_team_score": "113",
        "homeTeamId": "16",
        "visitorTeamId": "1"
    },
    "48885": {
        "gameId": "48885",
        "date": "2019-03-05T00:00:00.000Z",
        "home_team_score": "120",
        "visitor_team_score": "111",
        "homeTeamId": "15",
        "visitorTeamId": "25"
    },
    "48886": {
        "gameId": "48886",
        "date": "2019-03-05T00:00:00.000Z",
        "home_team_score": "131",
        "visitor_team_score": "120",
        "homeTeamId": "18",
        "visitorTeamId": "21"
    },
    "48928": {
        "gameId": "48928",
        "date": "2019-03-11T00:00:00.000Z",
        "home_team_score": "89",
        "visitor_team_score": "98",
        "homeTeamId": "29",
        "visitorTeamId": "21"
    },
    "48894": {
        "gameId": "48894",
        "date": "2019-03-06T00:00:00.000Z",
        "home_team_score": "104",
        "visitor_team_score": "114",
        "homeTeamId": "19",
        "visitorTeamId": "29"
    },
    "48904": {
        "gameId": "48904",
        "date": "2019-03-08T00:00:00.000Z",
        "home_team_score": "107",
        "visitor_team_score": "91",
        "homeTeamId": "11",
        "visitorTeamId": "23"
    },
    "48912": {
        "gameId": "48912",
        "date": "2019-03-09T00:00:00.000Z",
        "home_team_score": "107",
        "visitor_team_score": "120",
        "homeTeamId": "14",
        "visitorTeamId": "2"
    },
    "48916": {
        "gameId": "48916",
        "date": "2019-03-10T00:00:00.000Z",
        "home_team_score": "104",
        "visitor_team_score": "125",
        "homeTeamId": "16",
        "visitorTeamId": "28"
    },
    "48918": {
        "gameId": "48918",
        "date": "2019-03-10T00:00:00.000Z",
        "home_team_score": "128",
        "visitor_team_score": "116",
        "homeTeamId": "1",
        "visitorTeamId": "19"
    },
    "48948": {
        "gameId": "48948",
        "date": "2019-03-14T00:00:00.000Z",
        "home_team_score": "100",
        "visitor_team_score": "99",
        "homeTeamId": "8",
        "visitorTeamId": "7"
    },
    "48931": {
        "gameId": "48931",
        "date": "2019-03-12T00:00:00.000Z",
        "home_team_score": "106",
        "visitor_team_score": "99",
        "homeTeamId": "23",
        "visitorTeamId": "6"
    },
    "48936": {
        "gameId": "48936",
        "date": "2019-03-12T00:00:00.000Z",
        "home_team_score": "104",
        "visitor_team_score": "125",
        "homeTeamId": "13",
        "visitorTeamId": "25"
    },
    "48941": {
        "gameId": "48941",
        "date": "2019-03-13T00:00:00.000Z",
        "home_team_score": "104",
        "visitor_team_score": "106",
        "homeTeamId": "11",
        "visitorTeamId": "10"
    },
    "48939": {
        "gameId": "48939",
        "date": "2019-03-13T00:00:00.000Z",
        "home_team_score": "108",
        "visitor_team_score": "96",
        "homeTeamId": "21",
        "visitorTeamId": "3"
    },
    "48943": {
        "gameId": "48943",
        "date": "2019-03-14T00:00:00.000Z",
        "home_team_score": "108",
        "visitor_team_score": "106",
        "homeTeamId": "12",
        "visitorTeamId": "21"
    },
    "48964": {
        "gameId": "48964",
        "date": "2019-03-16T00:00:00.000Z",
        "home_team_score": "114",
        "visitor_team_score": "98",
        "homeTeamId": "29",
        "visitorTeamId": "3"
    },
    "48949": {
        "gameId": "48949",
        "date": "2019-03-15T00:00:00.000Z",
        "home_team_score": "111",
        "visitor_team_score": "97",
        "homeTeamId": "9",
        "visitorTeamId": "14"
    },
    "48954": {
        "gameId": "48954",
        "date": "2019-03-15T00:00:00.000Z",
        "home_team_score": "110",
        "visitor_team_score": "122",
        "homeTeamId": "19",
        "visitorTeamId": "25"
    },
    "48956": {
        "gameId": "48956",
        "date": "2019-03-15T00:00:00.000Z",
        "home_team_score": "128",
        "visitor_team_score": "121",
        "homeTeamId": "13",
        "visitorTeamId": "5"
    },
    "48984": {
        "gameId": "48984",
        "date": "2019-03-19T00:00:00.000Z",
        "home_team_score": "107",
        "visitor_team_score": "117",
        "homeTeamId": "18",
        "visitorTeamId": "10"
    },
    "48957": {
        "gameId": "48957",
        "date": "2019-03-16T00:00:00.000Z",
        "home_team_score": "135",
        "visitor_team_score": "128",
        "homeTeamId": "30",
        "visitorTeamId": "15"
    },
    "48978": {
        "gameId": "48978",
        "date": "2019-03-18T00:00:00.000Z",
        "home_team_score": "111",
        "visitor_team_score": "105",
        "homeTeamId": "27",
        "visitorTeamId": "10"
    },
    "48968": {
        "gameId": "48968",
        "date": "2019-03-17T00:00:00.000Z",
        "home_team_score": "110",
        "visitor_team_score": "107",
        "homeTeamId": "9",
        "visitorTeamId": "28"
    },
    "48972": {
        "gameId": "48972",
        "date": "2019-03-17T00:00:00.000Z",
        "home_team_score": "119",
        "visitor_team_score": "116",
        "homeTeamId": "13",
        "visitorTeamId": "3"
    },
    "49008": {
        "gameId": "49008",
        "date": "2019-03-22T00:00:00.000Z",
        "home_team_score": "116",
        "visitor_team_score": "87",
        "homeTeamId": "17",
        "visitorTeamId": "16"
    },
    "48979": {
        "gameId": "48979",
        "date": "2019-03-18T00:00:00.000Z",
        "home_team_score": "125",
        "visitor_team_score": "129",
        "homeTeamId": "7",
        "visitorTeamId": "19"
    },
    "48991": {
        "gameId": "48991",
        "date": "2019-03-20T00:00:00.000Z",
        "home_team_score": "116",
        "visitor_team_score": "137",
        "homeTeamId": "20",
        "visitorTeamId": "29"
    },
    "48997": {
        "gameId": "48997",
        "date": "2019-03-21T00:00:00.000Z",
        "home_team_score": "113",
        "visitor_team_score": "106",
        "homeTeamId": "4",
        "visitorTeamId": "18"
    },
    "48999": {
        "gameId": "48999",
        "date": "2019-03-21T00:00:00.000Z",
        "home_team_score": "117",
        "visitor_team_score": "114",
        "homeTeamId": "1",
        "visitorTeamId": "29"
    },
    "49010": {
        "gameId": "49010",
        "date": "2019-03-23T00:00:00.000Z",
        "home_team_score": "124",
        "visitor_team_score": "117",
        "homeTeamId": "4",
        "visitorTeamId": "2"
    },
    "49003": {
        "gameId": "49003",
        "date": "2019-03-22T00:00:00.000Z",
        "home_team_score": "123",
        "visitor_team_score": "119",
        "homeTeamId": "22",
        "visitorTeamId": "15"
    },
    "49028": {
        "gameId": "49028",
        "date": "2019-03-25T00:00:00.000Z",
        "home_team_score": "125",
        "visitor_team_score": "92",
        "homeTeamId": "29",
        "visitorTeamId": "24"
    },
    "49017": {
        "gameId": "49017",
        "date": "2019-03-23T00:00:00.000Z",
        "home_team_score": "112",
        "visitor_team_score": "103",
        "homeTeamId": "26",
        "visitorTeamId": "24"
    },
    "49019": {
        "gameId": "49019",
        "date": "2019-03-24T00:00:00.000Z",
        "home_team_score": "127",
        "visitor_team_score": "105",
        "homeTeamId": "17",
        "visitorTeamId": "6"
    },
    "49024": {
        "gameId": "49024",
        "date": "2019-03-24T00:00:00.000Z",
        "home_team_score": "121",
        "visitor_team_score": "114",
        "homeTeamId": "10",
        "visitorTeamId": "9"
    },
    "49048": {
        "gameId": "49048",
        "date": "2019-03-28T00:00:00.000Z",
        "home_team_score": "92",
        "visitor_team_score": "117",
        "homeTeamId": "20",
        "visitorTeamId": "28"
    },
    "49025": {
        "gameId": "49025",
        "date": "2019-03-24T00:00:00.000Z",
        "home_team_score": "111",
        "visitor_team_score": "106",
        "homeTeamId": "14",
        "visitorTeamId": "26"
    },
    "49040": {
        "gameId": "49040",
        "date": "2019-03-27T00:00:00.000Z",
        "home_team_score": "107",
        "visitor_team_score": "99",
        "homeTeamId": "21",
        "visitorTeamId": "12"
    },
    "49032": {
        "gameId": "49032",
        "date": "2019-03-26T00:00:00.000Z",
        "home_team_score": "99",
        "visitor_team_score": "104",
        "homeTeamId": "16",
        "visitorTeamId": "22"
    },
    "49050": {
        "gameId": "49050",
        "date": "2019-03-28T00:00:00.000Z",
        "home_team_score": "128",
        "visitor_team_score": "118",
        "homeTeamId": "17",
        "visitorTeamId": "13"
    },
    "49081": {
        "gameId": "49081",
        "date": "2019-04-01T00:00:00.000Z",
        "home_team_score": "122",
        "visitor_team_score": "102",
        "homeTeamId": "7",
        "visitorTeamId": "23"
    },
    "49036": {
        "gameId": "49036",
        "date": "2019-03-26T00:00:00.000Z",
        "home_team_score": "120",
        "visitor_team_score": "130",
        "homeTeamId": "19",
        "visitorTeamId": "1"
    },
    "49035": {
        "gameId": "49035",
        "date": "2019-03-26T00:00:00.000Z",
        "home_team_score": "111",
        "visitor_team_score": "122",
        "homeTeamId": "18",
        "visitorTeamId": "13"
    },
    "49053": {
        "gameId": "49053",
        "date": "2019-03-29T00:00:00.000Z",
        "home_team_score": "114",
        "visitor_team_score": "112",
        "homeTeamId": "2",
        "visitorTeamId": "12"
    },
    "49067": {
        "gameId": "49067",
        "date": "2019-03-30T00:00:00.000Z",
        "home_team_score": "115",
        "visitor_team_score": "120",
        "homeTeamId": "24",
        "visitorTeamId": "15"
    },
    "49065": {
        "gameId": "49065",
        "date": "2019-03-30T00:00:00.000Z",
        "home_team_score": "101",
        "visitor_team_score": "124",
        "homeTeamId": "5",
        "visitorTeamId": "28"
    },
    "49068": {
        "gameId": "49068",
        "date": "2019-03-31T00:00:00.000Z",
        "home_team_score": "136",
        "visitor_team_score": "135",
        "homeTeamId": "1",
        "visitorTeamId": "17"
    },
    "49072": {
        "gameId": "49072",
        "date": "2019-03-31T00:00:00.000Z",
        "home_team_score": "90",
        "visitor_team_score": "95",
        "homeTeamId": "8",
        "visitorTeamId": "30"
    },
    "49064": {
        "gameId": "49064",
        "date": "2019-03-30T00:00:00.000Z",
        "home_team_score": "92",
        "visitor_team_score": "100",
        "homeTeamId": "20",
        "visitorTeamId": "16"
    },
    "49087": {
        "gameId": "49087",
        "date": "2019-04-02T00:00:00.000Z",
        "home_team_score": "116",
        "visitor_team_score": "102",
        "homeTeamId": "10",
        "visitorTeamId": "8"
    },
    "49077": {
        "gameId": "49077",
        "date": "2019-04-01T00:00:00.000Z",
        "home_team_score": "121",
        "visitor_team_score": "131",
        "homeTeamId": "3",
        "visitorTeamId": "17"
    },
    "49083": {
        "gameId": "49083",
        "date": "2019-04-01T00:00:00.000Z",
        "home_team_score": "111",
        "visitor_team_score": "102",
        "homeTeamId": "29",
        "visitorTeamId": "4"
    },
    "49093": {
        "gameId": "49093",
        "date": "2019-04-03T00:00:00.000Z",
        "home_team_score": "102",
        "visitor_team_score": "112",
        "homeTeamId": "16",
        "visitorTeamId": "2"
    },
    "49108": {
        "gameId": "49108",
        "date": "2019-04-05T00:00:00.000Z",
        "home_team_score": "111",
        "visitor_team_score": "109",
        "homeTeamId": "18",
        "visitorTeamId": "16"
    },
    "49090": {
        "gameId": "49090",
        "date": "2019-04-03T00:00:00.000Z",
        "home_team_score": "114",
        "visitor_team_score": "115",
        "homeTeamId": "30",
        "visitorTeamId": "5"
    },
    "49094": {
        "gameId": "49094",
        "date": "2019-04-03T00:00:00.000Z",
        "home_team_score": "109",
        "visitor_team_score": "115",
        "homeTeamId": "19",
        "visitorTeamId": "4"
    },
    "49100": {
        "gameId": "49100",
        "date": "2019-04-04T00:00:00.000Z",
        "home_team_score": "117",
        "visitor_team_score": "104",
        "homeTeamId": "26",
        "visitorTeamId": "6"
    },
    "49099": {
        "gameId": "49099",
        "date": "2019-04-03T00:00:00.000Z",
        "home_team_score": "103",
        "visitor_team_score": "135",
        "homeTeamId": "13",
        "visitorTeamId": "11"
    },
    "49105": {
        "gameId": "49105",
        "date": "2019-04-05T00:00:00.000Z",
        "home_team_score": "112",
        "visitor_team_score": "129",
        "homeTeamId": "30",
        "visitorTeamId": "27"
    },
    "49114": {
        "gameId": "49114",
        "date": "2019-04-05T00:00:00.000Z",
        "home_team_score": "120",
        "visitor_team_score": "114",
        "homeTeamId": "10",
        "visitorTeamId": "6"
    },
    "49124": {
        "gameId": "49124",
        "date": "2019-04-07T00:00:00.000Z",
        "home_team_score": "149",
        "visitor_team_score": "113",
        "homeTeamId": "11",
        "visitorTeamId": "24"
    },
    "49107": {
        "gameId": "49107",
        "date": "2019-04-05T00:00:00.000Z",
        "home_team_score": "120",
        "visitor_team_score": "96",
        "homeTeamId": "11",
        "visitorTeamId": "20"
    },
    "49126": {
        "gameId": "49126",
        "date": "2019-04-07T00:00:00.000Z",
        "home_team_score": "108",
        "visitor_team_score": "116",
        "homeTeamId": "2",
        "visitorTeamId": "22"
    },
    "49134": {
        "gameId": "49134",
        "date": "2019-04-09T00:00:00.000Z",
        "home_team_score": "110",
        "visitor_team_score": "116",
        "homeTeamId": "30",
        "visitorTeamId": "2"
    },
    "49131": {
        "gameId": "49131",
        "date": "2019-04-07T00:00:00.000Z",
        "home_team_score": "113",
        "visitor_team_score": "109",
        "homeTeamId": "14",
        "visitorTeamId": "29"
    },
    "49135": {
        "gameId": "49135",
        "date": "2019-04-09T00:00:00.000Z",
        "home_team_score": "122",
        "visitor_team_score": "99",
        "homeTeamId": "16",
        "visitorTeamId": "23"
    },
    "49144": {
        "gameId": "49144",
        "date": "2019-04-10T00:00:00.000Z",
        "home_team_score": "113",
        "visitor_team_score": "94",
        "homeTeamId": "3",
        "visitorTeamId": "16"
    },
    "49147": {
        "gameId": "49147",
        "date": "2019-04-10T00:00:00.000Z",
        "home_team_score": "125",
        "visitor_team_score": "109",
        "homeTeamId": "23",
        "visitorTeamId": "5"
    },
    "48819": {
        "gameId": "48819",
        "date": "2019-02-24T00:00:00.000Z",
        "home_team_score": "98",
        "visitor_team_score": "113",
        "homeTeamId": "28",
        "visitorTeamId": "22"
    },
    "48820": {
        "gameId": "48820",
        "date": "2019-02-25T00:00:00.000Z",
        "home_team_score": "110",
        "visitor_team_score": "121",
        "homeTeamId": "4",
        "visitorTeamId": "10"
    },
    "48824": {
        "gameId": "48824",
        "date": "2019-02-25T00:00:00.000Z",
        "home_team_score": "106",
        "visitor_team_score": "117",
        "homeTeamId": "5",
        "visitorTeamId": "17"
    },
    "48853": {
        "gameId": "48853",
        "date": "2019-03-01T00:00:00.000Z",
        "home_team_score": "119",
        "visitor_team_score": "117",
        "homeTeamId": "28",
        "visitorTeamId": "25"
    },
    "48831": {
        "gameId": "48831",
        "date": "2019-02-26T00:00:00.000Z",
        "home_team_score": "108",
        "visitor_team_score": "103",
        "homeTeamId": "20",
        "visitorTeamId": "22"
    },
    "48835": {
        "gameId": "48835",
        "date": "2019-02-27T00:00:00.000Z",
        "home_team_score": "131",
        "visitor_team_score": "123",
        "homeTeamId": "1",
        "visitorTeamId": "18"
    },
    "48846": {
        "gameId": "48846",
        "date": "2019-02-28T00:00:00.000Z",
        "home_team_score": "103",
        "visitor_team_score": "96",
        "homeTeamId": "22",
        "visitorTeamId": "10"
    },
    "48868": {
        "gameId": "48868",
        "date": "2019-03-03T00:00:00.000Z",
        "home_team_score": "108",
        "visitor_team_score": "118",
        "homeTeamId": "4",
        "visitorTeamId": "25"
    },
    "48862": {
        "gameId": "48862",
        "date": "2019-03-02T00:00:00.000Z",
        "home_team_score": "81",
        "visitor_team_score": "111",
        "homeTeamId": "7",
        "visitorTeamId": "15"
    },
    "48898": {
        "gameId": "48898",
        "date": "2019-03-07T00:00:00.000Z",
        "home_team_score": "121",
        "visitor_team_score": "129",
        "homeTeamId": "25",
        "visitorTeamId": "21"
    },
    "48900": {
        "gameId": "48900",
        "date": "2019-03-08T00:00:00.000Z",
        "home_team_score": "112",
        "visitor_team_score": "111",
        "homeTeamId": "4",
        "visitorTeamId": "30"
    },
    "48917": {
        "gameId": "48917",
        "date": "2019-03-10T00:00:00.000Z",
        "home_team_score": "106",
        "visitor_team_score": "89",
        "homeTeamId": "23",
        "visitorTeamId": "12"
    },
    "48911": {
        "gameId": "48911",
        "date": "2019-03-09T00:00:00.000Z",
        "home_team_score": "135",
        "visitor_team_score": "130",
        "homeTeamId": "18",
        "visitorTeamId": "30"
    },
    "48935": {
        "gameId": "48935",
        "date": "2019-03-12T00:00:00.000Z",
        "home_team_score": "133",
        "visitor_team_score": "107",
        "homeTeamId": "8",
        "visitorTeamId": "18"
    },
    "48923": {
        "gameId": "48923",
        "date": "2019-03-10T00:00:00.000Z",
        "home_team_score": "111",
        "visitor_team_score": "115",
        "homeTeamId": "10",
        "visitorTeamId": "24"
    },
    "48924": {
        "gameId": "48924",
        "date": "2019-03-11T00:00:00.000Z",
        "home_team_score": "126",
        "visitor_team_score": "101",
        "homeTeamId": "6",
        "visitorTeamId": "28"
    },
    "48953": {
        "gameId": "48953",
        "date": "2019-03-15T00:00:00.000Z",
        "home_team_score": "108",
        "visitor_team_score": "102",
        "homeTeamId": "11",
        "visitorTeamId": "24"
    },
    "48938": {
        "gameId": "48938",
        "date": "2019-03-13T00:00:00.000Z",
        "home_team_score": "108",
        "visitor_team_score": "74",
        "homeTeamId": "16",
        "visitorTeamId": "9"
    },
    "48946": {
        "gameId": "48946",
        "date": "2019-03-14T00:00:00.000Z",
        "home_team_score": "111",
        "visitor_team_score": "98",
        "homeTeamId": "28",
        "visitorTeamId": "14"
    },
    "48969": {
        "gameId": "48969",
        "date": "2019-03-17T00:00:00.000Z",
        "home_team_score": "101",
        "visitor_team_score": "91",
        "homeTeamId": "22",
        "visitorTeamId": "1"
    },
    "48962": {
        "gameId": "48962",
        "date": "2019-03-16T00:00:00.000Z",
        "home_team_score": "102",
        "visitor_team_score": "100",
        "homeTeamId": "8",
        "visitorTeamId": "12"
    },
    "48963": {
        "gameId": "48963",
        "date": "2019-03-16T00:00:00.000Z",
        "home_team_score": "129",
        "visitor_team_score": "120",
        "homeTeamId": "2",
        "visitorTeamId": "1"
    },
    "48966": {
        "gameId": "48966",
        "date": "2019-03-17T00:00:00.000Z",
        "home_team_score": "93",
        "visitor_team_score": "75",
        "homeTeamId": "16",
        "visitorTeamId": "4"
    },
    "48976": {
        "gameId": "48976",
        "date": "2019-03-18T00:00:00.000Z",
        "home_team_score": "128",
        "visitor_team_score": "92",
        "homeTeamId": "28",
        "visitorTeamId": "20"
    },
    "48974": {
        "gameId": "48974",
        "date": "2019-03-18T00:00:00.000Z",
        "home_team_score": "95",
        "visitor_team_score": "116",
        "homeTeamId": "30",
        "visitorTeamId": "29"
    },
    "48985": {
        "gameId": "48985",
        "date": "2019-03-19T00:00:00.000Z",
        "home_team_score": "121",
        "visitor_team_score": "123",
        "homeTeamId": "26",
        "visitorTeamId": "3"
    },
    "48988": {
        "gameId": "48988",
        "date": "2019-03-20T00:00:00.000Z",
        "home_team_score": "107",
        "visitor_team_score": "102",
        "homeTeamId": "6",
        "visitorTeamId": "17"
    },
    "48987": {
        "gameId": "48987",
        "date": "2019-03-19T00:00:00.000Z",
        "home_team_score": "114",
        "visitor_team_score": "118",
        "homeTeamId": "4",
        "visitorTeamId": "23"
    },
    "48996": {
        "gameId": "48996",
        "date": "2019-03-20T00:00:00.000Z",
        "home_team_score": "126",
        "visitor_team_score": "118",
        "homeTeamId": "25",
        "visitorTeamId": "7"
    },
    "49002": {
        "gameId": "49002",
        "date": "2019-03-21T00:00:00.000Z",
        "home_team_score": "116",
        "visitor_team_score": "100",
        "homeTeamId": "26",
        "visitorTeamId": "7"
    },
    "49021": {
        "gameId": "49021",
        "date": "2019-03-24T00:00:00.000Z",
        "home_team_score": "114",
        "visitor_team_score": "115",
        "homeTeamId": "28",
        "visitorTeamId": "4"
    },
    "49004": {
        "gameId": "49004",
        "date": "2019-03-22T00:00:00.000Z",
        "home_team_score": "108",
        "visitor_team_score": "110",
        "homeTeamId": "6",
        "visitorTeamId": "13"
    },
    "49000": {
        "gameId": "49000",
        "date": "2019-03-21T00:00:00.000Z",
        "home_team_score": "112",
        "visitor_team_score": "89",
        "homeTeamId": "10",
        "visitorTeamId": "12"
    },
    "49006": {
        "gameId": "49006",
        "date": "2019-03-22T00:00:00.000Z",
        "home_team_score": "109",
        "visitor_team_score": "116",
        "homeTeamId": "28",
        "visitorTeamId": "21"
    },
    "49012": {
        "gameId": "49012",
        "date": "2019-03-23T00:00:00.000Z",
        "home_team_score": "129",
        "visitor_team_score": "127",
        "homeTeamId": "1",
        "visitorTeamId": "23"
    },
    "49011": {
        "gameId": "49011",
        "date": "2019-03-23T00:00:00.000Z",
        "home_team_score": "108",
        "visitor_team_score": "113",
        "homeTeamId": "30",
        "visitorTeamId": "16"
    },
    "49023": {
        "gameId": "49023",
        "date": "2019-03-24T00:00:00.000Z",
        "home_team_score": "96",
        "visitor_team_score": "115",
        "homeTeamId": "2",
        "visitorTeamId": "27"
    },
    "49044": {
        "gameId": "49044",
        "date": "2019-03-27T00:00:00.000Z",
        "home_team_score": "98",
        "visitor_team_score": "118",
        "homeTeamId": "5",
        "visitorTeamId": "25"
    },
    "49029": {
        "gameId": "49029",
        "date": "2019-03-25T00:00:00.000Z",
        "home_team_score": "148",
        "visitor_team_score": "144",
        "homeTeamId": "25",
        "visitorTeamId": "3"
    },
    "49030": {
        "gameId": "49030",
        "date": "2019-03-26T00:00:00.000Z",
        "home_team_score": "125",
        "visitor_team_score": "116",
        "homeTeamId": "4",
        "visitorTeamId": "27"
    },
    "49034": {
        "gameId": "49034",
        "date": "2019-03-26T00:00:00.000Z",
        "home_team_score": "108",
        "visitor_team_score": "94",
        "homeTeamId": "17",
        "visitorTeamId": "11"
    },
    "49041": {
        "gameId": "49041",
        "date": "2019-03-27T00:00:00.000Z",
        "home_team_score": "121",
        "visitor_team_score": "124",
        "homeTeamId": "24",
        "visitorTeamId": "30"
    },
    "49046": {
        "gameId": "49046",
        "date": "2019-03-28T00:00:00.000Z",
        "home_team_score": "115",
        "visitor_team_score": "98",
        "homeTeamId": "9",
        "visitorTeamId": "22"
    },
    "49043": {
        "gameId": "49043",
        "date": "2019-03-27T00:00:00.000Z",
        "home_team_score": "103",
        "visitor_team_score": "118",
        "homeTeamId": "15",
        "visitorTeamId": "10"
    },
    "49045": {
        "gameId": "49045",
        "date": "2019-03-28T00:00:00.000Z",
        "home_team_score": "123",
        "visitor_team_score": "110",
        "homeTeamId": "23",
        "visitorTeamId": "3"
    },
    "49051": {
        "gameId": "49051",
        "date": "2019-03-28T00:00:00.000Z",
        "home_team_score": "121",
        "visitor_team_score": "118",
        "homeTeamId": "19",
        "visitorTeamId": "26"
    },
    "49056": {
        "gameId": "49056",
        "date": "2019-03-29T00:00:00.000Z",
        "home_team_score": "105",
        "visitor_team_score": "115",
        "homeTeamId": "21",
        "visitorTeamId": "8"
    },
    "49049": {
        "gameId": "49049",
        "date": "2019-03-28T00:00:00.000Z",
        "home_team_score": "112",
        "visitor_team_score": "85",
        "homeTeamId": "11",
        "visitorTeamId": "8"
    },
    "49055": {
        "gameId": "49055",
        "date": "2019-03-29T00:00:00.000Z",
        "home_team_score": "131",
        "visitor_team_score": "130",
        "homeTeamId": "18",
        "visitorTeamId": "10"
    },
    "49059": {
        "gameId": "49059",
        "date": "2019-03-30T00:00:00.000Z",
        "home_team_score": "132",
        "visitor_team_score": "108",
        "homeTeamId": "13",
        "visitorTeamId": "6"
    },
    "49054": {
        "gameId": "49054",
        "date": "2019-03-29T00:00:00.000Z",
        "home_team_score": "98",
        "visitor_team_score": "118",
        "homeTeamId": "1",
        "visitorTeamId": "25"
    },
    "49060": {
        "gameId": "49060",
        "date": "2019-03-30T00:00:00.000Z",
        "home_team_score": "110",
        "visitor_team_score": "96",
        "homeTeamId": "3",
        "visitorTeamId": "2"
    },
    "49080": {
        "gameId": "49080",
        "date": "2019-04-01T00:00:00.000Z",
        "home_team_score": "121",
        "visitor_team_score": "109",
        "homeTeamId": "28",
        "visitorTeamId": "22"
    },
    "49071": {
        "gameId": "49071",
        "date": "2019-03-31T00:00:00.000Z",
        "home_team_score": "106",
        "visitor_team_score": "113",
        "homeTeamId": "27",
        "visitorTeamId": "26"
    },
    "49069": {
        "gameId": "49069",
        "date": "2019-03-31T00:00:00.000Z",
        "home_team_score": "103",
        "visitor_team_score": "106",
        "homeTeamId": "21",
        "visitorTeamId": "7"
    },
    "49082": {
        "gameId": "49082",
        "date": "2019-04-01T00:00:00.000Z",
        "home_team_score": "122",
        "visitor_team_score": "113",
        "homeTeamId": "24",
        "visitorTeamId": "6"
    },
    "49073": {
        "gameId": "49073",
        "date": "2019-03-31T00:00:00.000Z",
        "home_team_score": "137",
        "visitor_team_score": "90",
        "homeTeamId": "10",
        "visitorTeamId": "4"
    },
    "49086": {
        "gameId": "49086",
        "date": "2019-04-02T00:00:00.000Z",
        "home_team_score": "105",
        "visitor_team_score": "130",
        "homeTeamId": "26",
        "visitorTeamId": "11"
    },
    "49075": {
        "gameId": "49075",
        "date": "2019-04-01T00:00:00.000Z",
        "home_team_score": "111",
        "visitor_team_score": "102",
        "homeTeamId": "12",
        "visitorTeamId": "9"
    },
    "49079": {
        "gameId": "49079",
        "date": "2019-04-01T00:00:00.000Z",
        "home_team_score": "122",
        "visitor_team_score": "132",
        "homeTeamId": "18",
        "visitorTeamId": "25"
    },
    "49084": {
        "gameId": "49084",
        "date": "2019-04-02T00:00:00.000Z",
        "home_team_score": "119",
        "visitor_team_score": "103",
        "homeTeamId": "21",
        "visitorTeamId": "14"
    },
    "49096": {
        "gameId": "49096",
        "date": "2019-04-03T00:00:00.000Z",
        "home_team_score": "113",
        "visitor_team_score": "85",
        "homeTeamId": "8",
        "visitorTeamId": "27"
    },
    "49088": {
        "gameId": "49088",
        "date": "2019-04-03T00:00:00.000Z",
        "home_team_score": "89",
        "visitor_team_score": "108",
        "homeTeamId": "9",
        "visitorTeamId": "12"
    },
    "49091": {
        "gameId": "49091",
        "date": "2019-04-03T00:00:00.000Z",
        "home_team_score": "130",
        "visitor_team_score": "122",
        "homeTeamId": "1",
        "visitorTeamId": "23"
    },
    "49095": {
        "gameId": "49095",
        "date": "2019-04-03T00:00:00.000Z",
        "home_team_score": "108",
        "visitor_team_score": "110",
        "homeTeamId": "7",
        "visitorTeamId": "18"
    },
    "49097": {
        "gameId": "49097",
        "date": "2019-04-03T00:00:00.000Z",
        "home_team_score": "97",
        "visitor_team_score": "118",
        "homeTeamId": "24",
        "visitorTeamId": "29"
    },
    "49110": {
        "gameId": "49110",
        "date": "2019-04-05T00:00:00.000Z",
        "home_team_score": "112",
        "visitor_team_score": "122",
        "homeTeamId": "7",
        "visitorTeamId": "15"
    },
    "49102": {
        "gameId": "49102",
        "date": "2019-04-04T00:00:00.000Z",
        "home_team_score": "122",
        "visitor_team_score": "128",
        "homeTeamId": "23",
        "visitorTeamId": "17"
    },
    "49116": {
        "gameId": "49116",
        "date": "2019-04-06T00:00:00.000Z",
        "home_team_score": "128",
        "visitor_team_score": "133",
        "homeTeamId": "17",
        "visitorTeamId": "3"
    },
    "49112": {
        "gameId": "49112",
        "date": "2019-04-05T00:00:00.000Z",
        "home_team_score": "133",
        "visitor_team_score": "126",
        "homeTeamId": "24",
        "visitorTeamId": "19"
    },
    "49117": {
        "gameId": "49117",
        "date": "2019-04-06T00:00:00.000Z",
        "home_team_score": "96",
        "visitor_team_score": "116",
        "homeTeamId": "5",
        "visitorTeamId": "23"
    },
    "49111": {
        "gameId": "49111",
        "date": "2019-04-05T00:00:00.000Z",
        "home_team_score": "119",
        "visitor_team_score": "98",
        "homeTeamId": "29",
        "visitorTeamId": "26"
    },
    "49115": {
        "gameId": "49115",
        "date": "2019-04-05T00:00:00.000Z",
        "home_team_score": "117",
        "visitor_team_score": "122",
        "homeTeamId": "13",
        "visitorTeamId": "14"
    },
    "49119": {
        "gameId": "49119",
        "date": "2019-04-07T00:00:00.000Z",
        "home_team_score": "90",
        "visitor_team_score": "112",
        "homeTeamId": "6",
        "visitorTeamId": "27"
    },
    "49132": {
        "gameId": "49132",
        "date": "2019-04-09T00:00:00.000Z",
        "home_team_score": "100",
        "visitor_team_score": "93",
        "homeTeamId": "9",
        "visitorTeamId": "15"
    },
    "49118": {
        "gameId": "49118",
        "date": "2019-04-07T00:00:00.000Z",
        "home_team_score": "117",
        "visitor_team_score": "109",
        "homeTeamId": "28",
        "visitorTeamId": "16"
    },
    "49121": {
        "gameId": "49121",
        "date": "2019-04-07T00:00:00.000Z",
        "home_team_score": "91",
        "visitor_team_score": "104",
        "homeTeamId": "9",
        "visitorTeamId": "4"
    },
    "49129": {
        "gameId": "49129",
        "date": "2019-04-07T00:00:00.000Z",
        "home_team_score": "115",
        "visitor_team_score": "108",
        "homeTeamId": "25",
        "visitorTeamId": "8"
    },
    "49136": {
        "gameId": "49136",
        "date": "2019-04-09T00:00:00.000Z",
        "home_team_score": "86",
        "visitor_team_score": "96",
        "homeTeamId": "5",
        "visitorTeamId": "20"
    },
    "49145": {
        "gameId": "49145",
        "date": "2019-04-10T00:00:00.000Z",
        "home_team_score": "114",
        "visitor_team_score": "122",
        "homeTeamId": "4",
        "visitorTeamId": "22"
    },
    "49122": {
        "gameId": "49122",
        "date": "2019-04-07T00:00:00.000Z",
        "home_team_score": "96",
        "visitor_team_score": "108",
        "homeTeamId": "12",
        "visitorTeamId": "3"
    },
    "49125": {
        "gameId": "49125",
        "date": "2019-04-07T00:00:00.000Z",
        "home_team_score": "115",
        "visitor_team_score": "107",
        "homeTeamId": "17",
        "visitorTeamId": "1"
    },
    "49138": {
        "gameId": "49138",
        "date": "2019-04-09T00:00:00.000Z",
        "home_team_score": "103",
        "visitor_team_score": "112",
        "homeTeamId": "19",
        "visitorTeamId": "10"
    },
    "49137": {
        "gameId": "49137",
        "date": "2019-04-09T00:00:00.000Z",
        "home_team_score": "100",
        "visitor_team_score": "120",
        "homeTeamId": "18",
        "visitorTeamId": "28"
    },
    "49141": {
        "gameId": "49141",
        "date": "2019-04-09T00:00:00.000Z",
        "home_team_score": "112",
        "visitor_team_score": "111",
        "homeTeamId": "21",
        "visitorTeamId": "11"
    },
    "49149": {
        "gameId": "49149",
        "date": "2019-04-10T00:00:00.000Z",
        "home_team_score": "116",
        "visitor_team_score": "127",
        "homeTeamId": "17",
        "visitorTeamId": "21"
    },
    "49151": {
        "gameId": "49151",
        "date": "2019-04-10T00:00:00.000Z",
        "home_team_score": "99",
        "visitor_team_score": "95",
        "homeTeamId": "8",
        "visitorTeamId": "18"
    },
    "49152": {
        "gameId": "49152",
        "date": "2019-04-10T00:00:00.000Z",
        "home_team_score": "143",
        "visitor_team_score": "137",
        "homeTeamId": "13",
        "visitorTeamId": "29"
    },
    "1": {
        "gameId": "1",
        "date": "2018-10-16T00:00:00.000Z",
        "home_team_score": "105",
        "visitor_team_score": "87",
        "homeTeamId": "2",
        "visitorTeamId": "23"
    },
    "2": {
        "gameId": "2",
        "date": "2018-10-16T00:00:00.000Z",
        "home_team_score": "108",
        "visitor_team_score": "100",
        "homeTeamId": "10",
        "visitorTeamId": "21"
    },
    "3": {
        "gameId": "3",
        "date": "2018-10-17T00:00:00.000Z",
        "home_team_score": "112",
        "visitor_team_score": "113",
        "homeTeamId": "4",
        "visitorTeamId": "17"
    },
    "4": {
        "gameId": "4",
        "date": "2018-10-17T00:00:00.000Z",
        "home_team_score": "103",
        "visitor_team_score": "100",
        "homeTeamId": "9",
        "visitorTeamId": "3"
    },
    "5": {
        "gameId": "5",
        "date": "2018-10-17T00:00:00.000Z",
        "home_team_score": "111",
        "visitor_team_score": "83",
        "homeTeamId": "12",
        "visitorTeamId": "15"
    },
    "6": {
        "gameId": "6",
        "date": "2018-10-17T00:00:00.000Z",
        "home_team_score": "104",
        "visitor_team_score": "101",
        "homeTeamId": "22",
        "visitorTeamId": "16"
    },
    "7": {
        "gameId": "7",
        "date": "2018-10-17T00:00:00.000Z",
        "home_team_score": "126",
        "visitor_team_score": "107",
        "homeTeamId": "20",
        "visitorTeamId": "1"
    },
    "8": {
        "gameId": "8",
        "date": "2018-10-17T00:00:00.000Z",
        "home_team_score": "116",
        "visitor_team_score": "104",
        "homeTeamId": "28",
        "visitorTeamId": "6"
    },
    "9": {
        "gameId": "9",
        "date": "2018-10-17T00:00:00.000Z",
        "home_team_score": "112",
        "visitor_team_score": "131",
        "homeTeamId": "11",
        "visitorTeamId": "19"
    },
    "10": {
        "gameId": "10",
        "date": "2018-10-17T00:00:00.000Z",
        "home_team_score": "112",
        "visitor_team_score": "108",
        "homeTeamId": "27",
        "visitorTeamId": "18"
    },
    "11": {
        "gameId": "11",
        "date": "2018-10-17T00:00:00.000Z",
        "home_team_score": "117",
        "visitor_team_score": "123",
        "homeTeamId": "26",
        "visitorTeamId": "29"
    },
    "12": {
        "gameId": "12",
        "date": "2018-10-17T00:00:00.000Z",
        "home_team_score": "98",
        "visitor_team_score": "107",
        "homeTeamId": "13",
        "visitorTeamId": "8"
    },
    "13": {
        "gameId": "13",
        "date": "2018-10-17T00:00:00.000Z",
        "home_team_score": "121",
        "visitor_team_score": "100",
        "homeTeamId": "24",
        "visitorTeamId": "7"
    },
    "14": {
        "gameId": "14",
        "date": "2018-10-18T00:00:00.000Z",
        "home_team_score": "127",
        "visitor_team_score": "108",
        "homeTeamId": "23",
        "visitorTeamId": "5"
    },
    "15": {
        "gameId": "15",
        "date": "2018-10-18T00:00:00.000Z",
        "home_team_score": "112",
        "visitor_team_score": "113",
        "homeTeamId": "30",
        "visitorTeamId": "16"
    },
    "16": {
        "gameId": "16",
        "date": "2018-10-18T00:00:00.000Z",
        "home_team_score": "128",
        "visitor_team_score": "119",
        "homeTeamId": "25",
        "visitorTeamId": "14"
    },
    "17": {
        "gameId": "17",
        "date": "2018-10-19T00:00:00.000Z",
        "home_team_score": "88",
        "visitor_team_score": "120",
        "homeTeamId": "22",
        "visitorTeamId": "4"
    },
    "18": {
        "gameId": "18",
        "date": "2018-10-19T00:00:00.000Z",
        "home_team_score": "107",
        "visitor_team_score": "105",
        "homeTeamId": "3",
        "visitorTeamId": "20"
    },
    "19": {
        "gameId": "19",
        "date": "2018-10-19T00:00:00.000Z",
        "home_team_score": "113",
        "visitor_team_score": "101",
        "homeTeamId": "28",
        "visitorTeamId": "2"
    },
    "20": {
        "gameId": "20",
        "date": "2018-10-19T00:00:00.000Z",
        "home_team_score": "131",
        "visitor_team_score": "123",
        "homeTeamId": "18",
        "visitorTeamId": "6"
    },
    "21": {
        "gameId": "21",
        "date": "2018-10-19T00:00:00.000Z",
        "home_team_score": "149",
        "visitor_team_score": "129",
        "homeTeamId": "19",
        "visitorTeamId": "26"
    },
    "22": {
        "gameId": "22",
        "date": "2018-10-19T00:00:00.000Z",
        "home_team_score": "118",
        "visitor_team_score": "101",
        "homeTeamId": "17",
        "visitorTeamId": "12"
    },
    "23": {
        "gameId": "23",
        "date": "2018-10-19T00:00:00.000Z",
        "home_team_score": "123",
        "visitor_team_score": "124",
        "homeTeamId": "29",
        "visitorTeamId": "10"
    },
    "24": {
        "gameId": "24",
        "date": "2018-10-19T00:00:00.000Z",
        "home_team_score": "131",
        "visitor_team_score": "117",
        "homeTeamId": "15",
        "visitorTeamId": "1"
    },
    "25": {
        "gameId": "25",
        "date": "2018-10-19T00:00:00.000Z",
        "home_team_score": "108",
        "visitor_team_score": "92",
        "homeTeamId": "13",
        "visitorTeamId": "21"
    },
    "26": {
        "gameId": "26",
        "date": "2018-10-20T00:00:00.000Z",
        "home_team_score": "132",
        "visitor_team_score": "112",
        "homeTeamId": "12",
        "visitorTeamId": "3"
    },
    "27": {
        "gameId": "27",
        "date": "2018-10-20T00:00:00.000Z",
        "home_team_score": "113",
        "visitor_team_score": "117",
        "homeTeamId": "30",
        "visitorTeamId": "28"
    },
    "28": {
        "gameId": "28",
        "date": "2018-10-20T00:00:00.000Z",
        "home_team_score": "101",
        "visitor_team_score": "103",
        "homeTeamId": "20",
        "visitorTeamId": "2"
    },
    "29": {
        "gameId": "29",
        "date": "2018-10-20T00:00:00.000Z",
        "home_team_score": "116",
        "visitor_team_score": "115",
        "homeTeamId": "23",
        "visitorTeamId": "22"
    },
    "30": {
        "gameId": "30",
        "date": "2018-10-20T00:00:00.000Z",
        "home_team_score": "112",
        "visitor_team_score": "113",
        "homeTeamId": "16",
        "visitorTeamId": "4"
    },
    "31": {
        "gameId": "31",
        "date": "2018-10-20T00:00:00.000Z",
        "home_team_score": "116",
        "visitor_team_score": "118",
        "homeTeamId": "5",
        "visitorTeamId": "9"
    },
    "32": {
        "gameId": "32",
        "date": "2018-10-20T00:00:00.000Z",
        "home_team_score": "140",
        "visitor_team_score": "136",
        "homeTeamId": "7",
        "visitorTeamId": "18"
    },
    "33": {
        "gameId": "33",
        "date": "2018-10-20T00:00:00.000Z",
        "home_team_score": "119",
        "visitor_team_score": "91",
        "homeTeamId": "8",
        "visitorTeamId": "24"
    },
    "34": {
        "gameId": "34",
        "date": "2018-10-20T00:00:00.000Z",
        "home_team_score": "121",
        "visitor_team_score": "108",
        "homeTeamId": "25",
        "visitorTeamId": "27"
    },
    "35": {
        "gameId": "35",
        "date": "2018-10-20T00:00:00.000Z",
        "home_team_score": "115",
        "visitor_team_score": "124",
        "homeTeamId": "14",
        "visitorTeamId": "11"
    },
    "36": {
        "gameId": "36",
        "date": "2018-10-21T00:00:00.000Z",
        "home_team_score": "111",
        "visitor_team_score": "133",
        "homeTeamId": "6",
        "visitorTeamId": "1"
    },
    "37": {
        "gameId": "37",
        "date": "2018-10-21T00:00:00.000Z",
        "home_team_score": "120",
        "visitor_team_score": "131",
        "homeTeamId": "21",
        "visitorTeamId": "26"
    }
}