{
    "1": {
        "teamId": "1",
        "conference": "East",
        "division": "Southeast",
        "full_name": "Atlanta Hawks",
        "conferenceId": "1"
    },
    "2": {
        "teamId": "2",
        "conference": "East",
        "division": "Atlantic",
        "full_name": "Boston Celtics",
        "conferenceId": "1"
    },
    "3": {
        "teamId": "3",
        "conference": "East",
        "division": "Atlantic",
        "full_name": "Brooklyn Nets",
        "conferenceId": "1"
    },
    "4": {
        "teamId": "4",
        "conference": "East",
        "division": "Southeast",
        "full_name": "Charlotte Hornets",
        "conferenceId": "1"
    },
    "5": {
        "teamId": "5",
        "conference": "East",
        "division": "Central",
        "full_name": "Chicago Bulls",
        "conferenceId": "1"
    },
    "6": {
        "teamId": "6",
        "conference": "East",
        "division": "Central",
        "full_name": "Cleveland Cavaliers",
        "conferenceId": "1"
    },
    "7": {
        "teamId": "7",
        "conference": "West",
        "division": "Southwest",
        "full_name": "Dallas Mavericks",
        "conferenceId": "2"
    },
    "8": {
        "teamId": "8",
        "conference": "West",
        "division": "Northwest",
        "full_name": "Denver Nuggets",
        "conferenceId": "2"
    },
    "9": {
        "teamId": "9",
        "conference": "East",
        "division": "Central",
        "full_name": "Detroit Pistons",
        "conferenceId": "1"
    },
    "10": {
        "teamId": "10",
        "conference": "West",
        "division": "Pacific",
        "full_name": "Golden State Warriors",
        "conferenceId": "2"
    },
    "11": {
        "teamId": "11",
        "conference": "West",
        "division": "Southwest",
        "full_name": "Houston Rockets",
        "conferenceId": "2"
    },
    "12": {
        "teamId": "12",
        "conference": "East",
        "division": "Central",
        "full_name": "Indiana Pacers",
        "conferenceId": "1"
    },
    "13": {
        "teamId": "13",
        "conference": "West",
        "division": "Pacific",
        "full_name": "LA Clippers",
        "conferenceId": "2"
    },
    "14": {
        "teamId": "14",
        "conference": "West",
        "division": "Pacific",
        "full_name": "Los Angeles Lakers",
        "conferenceId": "2"
    },
    "15": {
        "teamId": "15",
        "conference": "West",
        "division": "Southwest",
        "full_name": "Memphis Grizzlies",
        "conferenceId": "2"
    },
    "16": {
        "teamId": "16",
        "conference": "East",
        "division": "Southeast",
        "full_name": "Miami Heat",
        "conferenceId": "1"
    },
    "17": {
        "teamId": "17",
        "conference": "East",
        "division": "Central",
        "full_name": "Milwaukee Bucks",
        "conferenceId": "1"
    },
    "18": {
        "teamId": "18",
        "conference": "West",
        "division": "Northwest",
        "full_name": "Minnesota Timberwolves",
        "conferenceId": "2"
    },
    "20": {
        "teamId": "20",
        "conference": "East",
        "division": "Atlantic",
        "full_name": "New York Knicks",
        "conferenceId": "1"
    },
    "21": {
        "teamId": "21",
        "conference": "West",
        "division": "Northwest",
        "full_name": "Oklahoma City Thunder",
        "conferenceId": "2"
    },
    "22": {
        "teamId": "22",
        "conference": "East",
        "division": "Southeast",
        "full_name": "Orlando Magic",
        "conferenceId": "1"
    },
    "23": {
        "teamId": "23",
        "conference": "East",
        "division": "Atlantic",
        "full_name": "Philadelphia 76ers",
        "conferenceId": "1"
    },
    "24": {
        "teamId": "24",
        "conference": "West",
        "division": "Pacific",
        "full_name": "Phoenix Suns",
        "conferenceId": "2"
    },
    "25": {
        "teamId": "25",
        "conference": "West",
        "division": "Northwest",
        "full_name": "Portland Trail Blazers",
        "conferenceId": "2"
    },
    "26": {
        "teamId": "26",
        "conference": "West",
        "division": "Pacific",
        "full_name": "Sacramento Kings",
        "conferenceId": "2"
    },
    "27": {
        "teamId": "27",
        "conference": "West",
        "division": "Southwest",
        "full_name": "San Antonio Spurs",
        "conferenceId": "2"
    },
    "28": {
        "teamId": "28",
        "conference": "East",
        "division": "Atlantic",
        "full_name": "Toronto Raptors",
        "conferenceId": "1"
    },
    "29": {
        "teamId": "29",
        "conference": "West",
        "division": "Northwest",
        "full_name": "Utah Jazz",
        "conferenceId": "2"
    },
    "30": {
        "teamId": "30",
        "conference": "East",
        "division": "Southeast",
        "full_name": "Washington Wizards",
        "conferenceId": "1"
    }
}